,Airlines,Sources,Destinations,Duration,Total Stops,Date,Departure Time,Arrival Time,Prices
0,Akasa Air,BOM,DEL,2h 15m,direct,2024-06-23,19:00,21:15,"₹ 5,602"
1,SpiceJet,BOM,DEL,2h 10m,direct,2024-06-23,23:10,01:20+1,"₹ 4,804"
2,Air India,BOM,DEL,2h 00m,direct,2024-06-23,10:15,12:15,"₹ 5,838"
3,SpiceJet,BOM,DEL,2h 10m,direct,2024-06-23,12:40,14:50,"₹ 5,086"
4,SpiceJet,BOM,DEL,2h 10m,direct,2024-06-23,09:05,11:15,"₹ 5,122"
5,Air India,BOM,DEL,2h 20m,direct,2024-06-23,08:00,10:20,"₹ 5,363"
6,Vistara,BOM,DEL,2h 10m,direct,2024-06-23,19:45,21:55,"₹ 6,977"
7,IndiGo,BOM,DEL,2h 05m,direct,2024-06-23,08:30,10:35,"₹ 5,926"
8,Vistara,BOM,DEL,2h 15m,direct,2024-06-23,20:40,22:55,"₹ 6,410"
9,Akasa Air,BOM,DEL,2h 20m,direct,2024-06-23,12:55,15:15,"₹ 6,446"
10,Air India,BOM,DEL,2h 15m,direct,2024-06-23,19:00,21:15,"₹ 6,447"
11,Air India,BOM,DEL,2h 15m,direct,2024-06-23,11:15,13:30,"₹ 6,447"
12,IndiGo,BOM,DEL,2h 10m,direct,2024-06-23,19:00,21:10,"₹ 6,820"
13,Air India,BOM,DEL,2h 15m,direct,2024-06-23,13:00,15:15,"₹ 6,972"
14,Air India,BOM,DEL,2h 15m,direct,2024-06-23,10:00,12:15,"₹ 6,972"
15,Vistara,BOM,DEL,2h 05m,direct,2024-06-23,19:10,21:15,"₹ 6,977"
16,Vistara,BOM,DEL,2h 10m,direct,2024-06-23,18:30,20:40,"₹ 7,817"
17,Vistara,BOM,DEL,2h 10m,direct,2024-06-23,22:50,01:00+1,"₹ 4,852"
18,IndiGo,BOM,DEL,2h 20m,direct,2024-06-23,10:50,13:10,"₹ 6,681"
19,IndiGo,BOM,DEL,2h 10m,direct,2024-06-23,20:00,22:10,"₹ 6,820"
20,IndiGo,BOM,DEL,2h 05m,direct,2024-06-23,15:30,17:35,"₹ 7,205"
21,IndiGo,BOM,DEL,2h 10m,direct,2024-06-23,14:15,16:25,"₹ 7,205"
22,IndiGo,BOM,DEL,2h 10m,direct,2024-06-23,17:00,19:10,"₹ 7,205"
23,Air India,BOM,DEL,2h 30m,direct,2024-06-23,16:00,18:30,"₹ 7,207"
24,IndiGo,BOM,DEL,2h 10m,direct,2024-06-23,13:15,15:25,"₹ 7,660"
25,IndiGo,BOM,DEL,2h 00m,direct,2024-06-23,09:45,11:45,"₹ 7,730"
26,Vistara,BOM,DEL,2h 10m,direct,2024-06-23,12:35,14:45,"₹ 7,817"
27,Vistara,BOM,DEL,2h 15m,direct,2024-06-23,17:25,19:40,"₹ 7,817"
28,IndiGo,BOM,DEL,2h 05m,direct,2024-06-23,23:30,01:35+1,"₹ 4,825"
29,IndiGo,BOM,DEL,2h 10m,direct,2024-06-23,22:15,00:25+1,"₹ 4,877"
30,Vistara,BOM,DEL,2h 15m,direct,2024-06-23,21:55,00:10+1,"₹ 5,268"
31,IndiGo,BOM,DEL,2h 10m,direct,2024-06-23,21:15,23:25,"₹ 5,402"
32,Air India,BOM,DEL,2h 15m,direct,2024-06-23,21:00,23:15,"₹ 5,675"
33,IndiGo,BOM,DEL,2h 15m,direct,2024-06-23,12:15,14:30,"₹ 7,867"
34,IndiGo,BOM,DEL,2h 10m,direct,2024-06-23,18:00,20:10,"₹ 8,570"
35,Air India,BOM,DEL,2h 20m,direct,2024-06-23,15:35,17:55,"₹ 9,055"
36,Air India,BOM,DEL,2h 20m,direct,2024-06-23,18:00,20:20,"₹ 9,055"
37,Vistara,BOM,DEL,2h 15m,direct,2024-06-23,11:50,14:05,"₹ 9,077"
38,Vistara,BOM,DEL,2h 20m,direct,2024-06-23,14:40,17:00,"₹ 9,077"
39,Vistara,BOM,DEL,4h 25m,1 stop,2024-06-23,12:20,16:45,"₹ 7,166"
40,IndiGo,BOM,DEL,6h 20m,1 stop,2024-06-23,16:50,23:10,"₹ 5,090"
41,IndiGo,BOM,DEL,5h 00m,1 stop,2024-06-23,20:00,01:00+1,"₹ 6,680"
42,Air India,BOM,DEL,5h 55m,1 stop,2024-06-23,18:35,00:30+1,"₹ 7,332"
43,Air India,BOM,DEL,5h 10m,1 stop,2024-06-23,18:35,23:45,"₹ 7,485"
44,IndiGo,BOM,DEL,4h 45m,1 stop,2024-06-23,18:25,23:10,"₹ 7,747"
45,Air India,BOM,DEL,4h 50m,1 stop,2024-06-23,15:30,20:20,"₹ 8,769"
46,Vistara,BOM,DEL,2h 25m,direct,2024-06-23,15:45,18:10,"₹ 16,472"
47,Vistara,BOM,DEL,7h 05m,1 stop,2024-06-23,09:40,16:45,"₹ 7,240"
48,IndiGo,BOM,DEL,7h 55m,1 stop,2024-06-23,15:15,23:10,"₹ 7,327"
49,IndiGo,BOM,DEL,7h 20m,1 stop,2024-06-23,16:05,23:25,"₹ 7,747"
50,Air India,BOM,DEL,9h 00m,1 stop,2024-06-23,15:30,00:30+1,"₹ 7,833"
51,Vistara,BOM,DEL,6h 55m,1 stop,2024-06-23,15:05,22:00,"₹ 7,953"
52,IndiGo,BOM,DEL,6h 35m,1 stop,2024-06-23,18:25,01:00+1,"₹ 7,957"
53,Air India,BOM,DEL,8h 15m,1 stop,2024-06-23,15:30,23:45,"₹ 8,033"
54,IndiGo,BOM,DEL,5h 20m,1 stop,2024-06-23,15:15,20:35,"₹ 8,937"
55,Vistara,BOM,DEL,7h 30m,1 stop,2024-06-23,13:50,21:20,"₹ 11,416"
56,Air India,BOM,DEL,5h 40m,1 stop,2024-06-23,16:05,21:45,"₹ 14,377"
57,IndiGo,BOM,DEL,5h 40m,1 stop,2024-06-23,18:30,00:10+1,"₹ 14,384"
58,Air India Express,BOM,DEL,8h 50m,1 stop,2024-06-23,22:35,07:25+1,"₹ 6,765"
59,Vistara,BOM,DEL,8h 50m,1 stop,2024-06-23,13:50,22:40,"₹ 11,154"
60,IndiGo,BOM,DEL,7h 20m,1 stop,2024-06-23,16:50,00:10+1,"₹ 13,404"
61,Air India,BOM,DEL,8h 00m,1 stop,2024-06-23,15:25,23:25,"₹ 15,071"
62,Air India,BOM,DEL,7h 45m,1 stop,2024-06-23,15:55,23:40,"₹ 15,642"
63,Air India,BOM,DEL,7h 20m,1 stop,2024-06-23,13:10,20:30,"₹ 16,131"
64,Air India,BOM,DEL,7h 05m,1 stop,2024-06-23,10:15,17:20,"₹ 16,854"
65,Air India,BOM,DEL,6h 50m,1 stop,2024-06-23,17:15,00:05+1,"₹ 17,019"
66,Vistara,BOM,DEL,7h 10m,1 stop,2024-06-23,15:35,22:45,"₹ 17,429"
67,Vistara,BOM,DEL,5h 40m,1 stop,2024-06-23,16:00,21:40,"₹ 18,338"
68,"Akasa Air, Air India",BOM,DEL,8h 35m,1 stop,2024-06-23,23:55,08:30+1,"₹ 18,413"
69,Vistara,BOM,DEL,6h 20m,1 stop,2024-06-23,16:00,22:20,"₹ 18,443"
70,"Air India Express, Air India Express",BOM,DEL,8h 00m,1 stop,2024-06-23,12:15,20:15,"₹ 21,007"
71,Vistara,BOM,DEL,6h 15m,1 stop,2024-06-23,17:50,00:05+1,"₹ 23,293"
72,Vistara,BOM,DEL,5h 10m,1 stop,2024-06-23,15:35,20:45,"₹ 26,942"
73,Vistara,BOM,DEL,5h 40m,1 stop,2024-06-23,11:25,17:05,"₹ 31,048"
74,Air India Express,BOM,DEL,8h 25m,1 stop,2024-06-23,12:25,20:50,"₹ 27,250"
75,Vistara,BOM,DEL,7h 50m,1 stop,2024-06-23,16:00,23:50,"₹ 27,770"
76,Air India,BOM,DEL,8h 20m,1 stop,2024-06-23,15:05,23:25,"₹ 28,003"
77,Akasa Air,BOM,DEL,7h 25m,1 stop,2024-06-23,23:55,07:20+1,"₹ 28,895"
78,Vistara,BOM,DEL,8h 50m,2 stops,2024-06-23,11:25,20:15,"₹ 33,216"
79,Air India,BOM,DEL,4h 55m,1 stop,2024-06-23,15:00,19:55,"₹ 33,973"
80,SpiceJet,BOM,DEL,5h 20m,1 stop,2024-06-23,12:25,17:45,"₹ 37,488"
81,Etihad Airways,BOM,DEL,8h 50m,1 stop,2024-06-23,23:05,07:55+1,"₹ 37,714"
82,SpiceJet,BOM,DEL,8h 30m,1 stop,2024-06-23,12:25,20:55,"₹ 38,190"
83,SpiceJet,BOM,DEL,6h 35m,1 stop,2024-06-23,14:20,20:55,"₹ 39,046"
84,Vistara,BOM,DEL,8h 45m,2 stops,2024-06-23,15:05,23:50,"₹ 40,817"
85,Air India,BOM,DEL,8h 00m,1 stop,2024-06-23,15:00,23:00,"₹ 41,414"
86,Vistara,BOM,DEL,6h 20m,1 stop,2024-06-23,17:30,23:50,"₹ 42,648"
87,"Air India, Vistara",BOM,DEL,6h 30m,1 stop,2024-06-23,15:30,22:00,"₹ 50,403"
88,Air India,BOM,DEL,5h 40m,1 stop,2024-06-23,16:40,22:20,"₹ 51,637"
89,Air India,BOM,DEL,6h 45m,1 stop,2024-06-23,09:25,16:10,"₹ 51,637"
90,Air India,BOM,DEL,7h 15m,1 stop,2024-06-23,16:40,23:55,"₹ 51,637"
91,Air India,BOM,DEL,8h 25m,1 stop,2024-06-23,10:05,18:30,"₹ 51,637"
92,Air India,BOM,DEL,9h 05m,1 stop,2024-06-23,09:25,18:30,"₹ 51,637"
93,"Vistara, Air India",BOM,DEL,5h 15m,1 stop,2024-06-23,15:05,20:20,"₹ 57,506"
94,"Air India, Vistara",BOM,DEL,4h 55m,1 stop,2024-06-23,15:00,19:55,"₹ 58,997"
95,"Air India, Vistara",BOM,DEL,5h 45m,1 stop,2024-06-23,15:00,20:45,"₹ 58,997"
96,"Vistara, Air India",BOM,DEL,6h 20m,1 stop,2024-06-23,16:00,22:20,"₹ 69,024"
97,"Vistara, Air India",BOM,DEL,6h 25m,1 stop,2024-06-23,17:30,23:55,"₹ 69,024"
98,"Air India, Vistara",BOM,DEL,5h 40m,1 stop,2024-06-23,16:40,22:20,"₹ 71,678"
99,"Vistara, Air India",BOM,DEL,8h 45m,1 stop,2024-06-23,13:50,22:35,"₹ 77,852"
100,"Vistara, Air India",BOM,DEL,7h 55m,1 stop,2024-06-23,16:00,23:55,"₹ 78,458"
101,"Air India, Vistara",BOM,DEL,6h 00m,1 stop,2024-06-23,17:15,23:15,"₹ 79,634"
102,"Vistara, Air India",BOM,DEL,7h 25m,1 stop,2024-06-23,15:35,23:00,"₹ 86,825"
103,"Vistara, Air India",BOM,DEL,8h 50m,2 stops,2024-06-23,15:05,23:55,"₹ 113,317"
104,IndiGo,BOM,BLR,1h 40m,direct,2024-06-23,09:05,10:45,"₹ 5,648"
105,Akasa Air,BOM,BLR,1h 50m,direct,2024-06-23,23:55,01:45+1,"₹ 4,487"
106,Akasa Air,BOM,BLR,1h 45m,direct,2024-06-23,18:35,20:20,"₹ 7,480"
107,IndiGo,BOM,BLR,1h 55m,direct,2024-06-23,19:10,21:05,"₹ 6,129"
108,IndiGo,BOM,BLR,1h 45m,direct,2024-06-23,12:45,14:30,"₹ 6,549"
109,IndiGo,BOM,BLR,1h 45m,direct,2024-06-23,11:30,13:15,"₹ 6,726"
110,IndiGo,BOM,BLR,1h 45m,direct,2024-06-23,18:00,19:45,"₹ 6,969"
111,IndiGo,BOM,BLR,1h 45m,direct,2024-06-23,10:15,12:00,"₹ 7,158"
112,IndiGo,BOM,BLR,1h 45m,direct,2024-06-23,23:30,01:15+1,"₹ 4,869"
113,Akasa Air,BOM,BLR,1h 45m,direct,2024-06-23,22:45,00:30+1,"₹ 5,195"
114,Akasa Air,BOM,BLR,1h 50m,direct,2024-06-23,21:25,23:15,"₹ 5,195"
115,IndiGo,BOM,BLR,1h 45m,direct,2024-06-23,21:45,23:30,"₹ 5,289"
116,IndiGo,BOM,BLR,1h 55m,direct,2024-06-23,16:30,18:25,"₹ 7,389"
117,Vistara,BOM,BLR,2h 05m,direct,2024-06-23,18:50,20:55,"₹ 8,058"
118,IndiGo,BOM,BLR,1h 35m,direct,2024-06-23,20:30,22:05,"₹ 8,439"
119,Vistara,BOM,BLR,1h 55m,direct,2024-06-23,21:30,23:25,"₹ 6,798"
120,IndiGo,BOM,BLR,1h 50m,direct,2024-06-23,13:45,15:35,"₹ 8,964"
121,Vistara,BOM,BLR,1h 45m,direct,2024-06-23,17:30,19:15,"₹ 11,476"
122,Air India Express,BOM,BLR,3h 40m,1 stop,2024-06-23,18:25,22:05,"₹ 7,138"
123,IndiGo,BOM,BLR,1h 55m,direct,2024-06-23,15:15,17:10,"₹ 11,379"
124,Air India Express,BOM,BLR,2h 05m,direct,2024-06-23,20:35,22:40,"₹ 12,783"
125,Vistara,BOM,BLR,1h 45m,direct,2024-06-23,16:00,17:45,"₹ 14,253"
126,IndiGo,BOM,BLR,4h 10m,1 stop,2024-06-23,21:20,01:30+1,"₹ 6,906"
127,IndiGo,BOM,BLR,4h 45m,1 stop,2024-06-23,19:30,00:15+1,"₹ 8,016"
128,IndiGo,BOM,BLR,5h 05m,1 stop,2024-06-23,14:00,19:05,"₹ 8,646"
129,IndiGo,BOM,BLR,4h 50m,1 stop,2024-06-23,19:15,00:05+1,"₹ 8,821"
130,IndiGo,BOM,BLR,4h 50m,1 stop,2024-06-23,15:30,20:20,"₹ 9,097"
131,IndiGo,BOM,BLR,6h 05m,1 stop,2024-06-23,12:00,18:05,"₹ 7,352"
132,IndiGo,BOM,BLR,6h 15m,1 stop,2024-06-23,19:15,01:30+1,"₹ 7,728"
133,IndiGo,BOM,BLR,7h 05m,1 stop,2024-06-23,12:00,19:05,"₹ 9,252"
134,IndiGo,BOM,BLR,7h 20m,1 stop,2024-06-23,16:45,00:05+1,"₹ 9,768"
135,IndiGo,BOM,BLR,6h 20m,1 stop,2024-06-23,14:00,20:20,"₹ 9,961"
136,Air India,BOM,BLR,7h 20m,1 stop,2024-06-23,15:00,22:20,"₹ 10,140"
137,Vistara,BOM,BLR,6h 35m,1 stop,2024-06-23,09:40,16:15,"₹ 10,276"
138,IndiGo,BOM,BLR,4h 05m,1 stop,2024-06-23,14:00,18:05,"₹ 11,046"
139,IndiGo,BOM,BLR,6h 10m,1 stop,2024-06-23,17:40,23:50,"₹ 12,727"
140,IndiGo,BOM,BLR,4h 30m,1 stop,2024-06-23,11:25,15:55,"₹ 12,792"
141,IndiGo,BOM,BLR,4h 00m,1 stop,2024-06-23,19:05,23:05,"₹ 13,887"
142,IndiGo,BOM,BLR,5h 00m,1 stop,2024-06-23,16:45,21:45,"₹ 13,944"
143,IndiGo,BOM,BLR,4h 10m,1 stop,2024-06-23,14:15,18:25,"₹ 14,415"
144,IndiGo,BOM,BLR,5h 15m,1 stop,2024-06-23,10:35,15:50,"₹ 15,192"
145,IndiGo,BOM,BLR,4h 10m,1 stop,2024-06-23,14:45,18:55,"₹ 17,119"
146,Vistara,BOM,BLR,4h 30m,1 stop,2024-06-23,11:25,15:55,"₹ 17,267"
147,Air India,BOM,BLR,1h 45m,direct,2024-06-23,21:10,22:55,"₹ 20,089"
148,Air India,BOM,BLR,1h 50m,direct,2024-06-23,16:40,18:30,"₹ 20,089"
149,Air India,BOM,BLR,1h 50m,direct,2024-06-23,18:50,20:40,"₹ 20,089"
150,Air India,BOM,BLR,1h 50m,direct,2024-06-23,09:25,11:15,"₹ 20,089"
151,Air India,BOM,BLR,7h 25m,1 stop,2024-06-23,11:15,18:40,"₹ 18,070"
152,Air India,BOM,BLR,7h 10m,1 stop,2024-06-23,13:00,20:10,"₹ 18,825"
153,IndiGo,BOM,BLR,5h 00m,1 stop,2024-06-23,10:15,15:15,"₹ 19,103"
154,Air India,BOM,BLR,6h 30m,1 stop,2024-06-23,15:35,22:05,"₹ 19,328"
155,Air India,BOM,BLR,4h 25m,direct,2024-06-23,10:05,14:30,"₹ 20,089"
156,Vistara,BOM,BLR,5h 00m,1 stop,2024-06-23,15:05,20:05,"₹ 20,310"
157,Air India,BOM,BLR,6h 10m,1 stop,2024-06-23,10:15,16:25,"₹ 20,706"
158,Air India,BOM,BLR,6h 05m,1 stop,2024-06-23,18:00,00:05+1,"₹ 20,927"
159,Vistara,BOM,BLR,6h 05m,1 stop,2024-06-23,17:25,23:30,"₹ 21,456"
160,Vistara,BOM,BLR,6h 25m,1 stop,2024-06-23,12:10,18:35,"₹ 23,723"
161,Vistara,BOM,BLR,6h 10m,1 stop,2024-06-23,12:35,18:45,"₹ 25,215"
162,Vistara,BOM,BLR,6h 55m,1 stop,2024-06-23,15:45,22:40,"₹ 27,801"
163,"Air India, Vistara",BOM,BLR,6h 55m,1 stop,2024-06-23,13:35,20:30,"₹ 43,698"
164,"Vistara, Air India",BOM,BLR,6h 45m,1 stop,2024-06-23,15:35,22:20,"₹ 46,302"
165,"Vistara, Air India",BOM,BLR,7h 35m,1 stop,2024-06-23,22:50,06:25+1,"₹ 47,862"
166,"Air India, Vistara",BOM,BLR,4h 45m,1 stop,2024-06-23,17:15,22:00,"₹ 57,300"
167,"Air India, Vistara",BOM,BLR,4h 35m,1 stop,2024-06-23,15:30,20:05,"₹ 57,700"
168,"Vistara, Air India",BOM,BLR,6h 05m,1 stop,2024-06-23,12:35,18:40,"₹ 77,274"
169,"Vistara, Air India",BOM,BLR,6h 20m,1 stop,2024-06-23,15:45,22:05,"₹ 77,274"
170,"Vistara, Air India",BOM,BLR,6h 40m,1 stop,2024-06-23,17:25,00:05+1,"₹ 77,274"
171,"Vistara, Air India",BOM,BLR,7h 35m,1 stop,2024-06-23,12:35,20:10,"₹ 77,274"
172,"Vistara, Air India",BOM,BLR,7h 25m,1 stop,2024-06-23,14:40,22:05,"₹ 80,110"
173,Air India,BOM,AMD,1h 10m,direct,2024-06-23,07:30,08:40,"₹ 2,405"
174,IndiGo,BOM,AMD,1h 15m,direct,2024-06-23,08:20,09:35,"₹ 3,300"
175,Air India,BOM,AMD,1h 15m,direct,2024-06-23,18:35,19:50,"₹ 3,649"
176,Akasa Air,BOM,AMD,1h 20m,direct,2024-06-23,20:30,21:50,"₹ 3,449"
177,Air India,BOM,AMD,1h 20m,direct,2024-06-23,15:30,16:50,"₹ 3,649"
178,IndiGo,BOM,AMD,1h 10m,direct,2024-06-23,20:00,21:10,"₹ 3,895"
179,IndiGo,BOM,AMD,1h 20m,direct,2024-06-23,16:50,18:10,"₹ 4,044"
180,Vistara,BOM,AMD,1h 10m,direct,2024-06-23,22:45,23:55,"₹ 4,102"
181,IndiGo,BOM,AMD,1h 10m,direct,2024-06-23,15:15,16:25,"₹ 4,541"
182,IndiGo,BOM,AMD,1h 15m,direct,2024-06-23,18:25,19:40,"₹ 5,056"
183,IndiGo,BOM,AMD,1h 15m,direct,2024-06-23,21:25,22:40,"₹ 3,895"
184,Vistara,BOM,AMD,1h 40m,direct,2024-06-23,15:05,16:45,"₹ 11,238"
185,Vistara,BOM,AMD,4h 25m,1 stop,2024-06-23,18:30,22:55,"₹ 12,380"
186,Vistara,BOM,AMD,5h 30m,1 stop,2024-06-23,17:25,22:55,"₹ 13,640"
187,Vistara,BOM,AMD,4h 55m,1 stop,2024-06-23,14:40,19:35,"₹ 16,136"
188,Vistara,BOM,AMD,5h 45m,1 stop,2024-06-23,17:30,23:15,"₹ 18,228"
189,Vistara,BOM,AMD,5h 30m,1 stop,2024-06-23,11:25,16:55,"₹ 19,533"
190,Air India,BOM,AMD,4h 55m,1 stop,2024-06-23,13:00,17:55,"₹ 23,405"
191,Air India,BOM,AMD,5h 20m,1 stop,2024-06-23,16:00,21:20,"₹ 23,623"
192,Air India,BOM,AMD,5h 45m,1 stop,2024-06-23,15:35,21:20,"₹ 25,552"
193,"Vistara, Air India",BOM,AMD,4h 50m,1 stop,2024-06-23,17:25,22:15,"₹ 62,259"
194,"Vistara, Air India",BOM,AMD,5h 20m,1 stop,2024-06-23,12:35,17:55,"₹ 62,259"
195,"Vistara, Air India",BOM,AMD,5h 35m,1 stop,2024-06-23,15:45,21:20,"₹ 62,259"
196,"Air India, Vistara",BOM,AMD,4h 55m,1 stop,2024-06-23,18:00,22:55,"₹ 64,735"
197,"Air India, Vistara",BOM,AMD,4h 45m,1 stop,2024-06-23,10:15,15:00,"₹ 65,725"
198,Akasa Air,BOM,HYD,1h 40m,direct,2024-06-23,18:50,20:30,"₹ 3,085"
199,Air India,BOM,HYD,1h 30m,direct,2024-06-23,19:55,21:25,"₹ 3,531"
200,IndiGo,BOM,HYD,1h 20m,direct,2024-06-23,19:15,20:35,"₹ 4,150"
201,Air India,BOM,HYD,1h 25m,direct,2024-06-23,11:00,12:25,"₹ 4,805"
202,IndiGo,BOM,HYD,1h 30m,direct,2024-06-23,16:45,18:15,"₹ 4,200"
203,IndiGo,BOM,HYD,1h 20m,direct,2024-06-23,10:15,11:35,"₹ 4,468"
204,IndiGo,BOM,HYD,1h 25m,direct,2024-06-23,14:45,16:10,"₹ 4,600"
205,Air India,BOM,HYD,1h 30m,direct,2024-06-23,15:00,16:30,"₹ 4,805"
206,Vistara,BOM,HYD,1h 45m,direct,2024-06-23,19:10,20:55,"₹ 4,890"
207,Vistara,BOM,HYD,1h 40m,direct,2024-06-23,22:25,00:05+1,"₹ 3,184"
208,Vistara,BOM,HYD,1h 35m,direct,2024-06-23,15:35,17:10,"₹ 6,058"
209,IndiGo,BOM,HYD,1h 30m,direct,2024-06-23,22:30,00:00+1,"₹ 3,851"
210,IndiGo,BOM,HYD,1h 25m,direct,2024-06-23,21:20,22:45,"₹ 4,150"
211,Air India,BOM,HYD,6h 30m,1 stop,2024-06-23,10:15,16:45,"₹ 10,464"
212,Air India,BOM,HYD,5h 30m,1 stop,2024-06-23,11:15,16:45,"₹ 11,072"
213,Air India,BOM,HYD,6h 10m,1 stop,2024-06-23,13:00,19:10,"₹ 12,495"
214,IndiGo,BOM,HYD,5h 05m,1 stop,2024-06-23,14:15,19:20,"₹ 14,863"
215,Vistara,BOM,HYD,5h 50m,1 stop,2024-06-23,17:25,23:15,"₹ 14,904"
216,IndiGo,BOM,HYD,3h 35m,1 stop,2024-06-23,14:15,17:50,"₹ 18,006"
217,IndiGo,BOM,HYD,4h 00m,1 stop,2024-06-23,19:05,23:05,"₹ 19,562"
218,IndiGo,BOM,HYD,6h 25m,1 stop,2024-06-23,11:25,17:50,"₹ 19,227"
219,Air India Express,BOM,HYD,6h 10m,1 stop,2024-06-23,12:25,18:35,"₹ 21,132"
220,IndiGo,BOM,HYD,4h 20m,1 stop,2024-06-23,11:25,15:45,"₹ 21,156"
221,"Akasa Air, IndiGo",BOM,HYD,6h 25m,1 stop,2024-06-23,23:55,06:20+1,"₹ 23,332"
222,"Vistara, Air India",BOM,HYD,6h 00m,1 stop,2024-06-23,22:50,04:50+1,"₹ 73,003"
223,Air India,BOM,AMD,1h 10m,direct,2024-06-23,07:30,08:40,"₹ 2,405"
224,IndiGo,BOM,AMD,1h 15m,direct,2024-06-23,08:20,09:35,"₹ 3,300"
225,Air India,BOM,AMD,1h 15m,direct,2024-06-23,18:35,19:50,"₹ 3,649"
226,Akasa Air,BOM,AMD,1h 20m,direct,2024-06-23,20:30,21:50,"₹ 3,449"
227,Air India,BOM,AMD,1h 20m,direct,2024-06-23,15:30,16:50,"₹ 3,649"
228,IndiGo,BOM,AMD,1h 10m,direct,2024-06-23,20:00,21:10,"₹ 3,895"
229,IndiGo,BOM,AMD,1h 20m,direct,2024-06-23,16:50,18:10,"₹ 4,044"
230,Vistara,BOM,AMD,1h 10m,direct,2024-06-23,22:45,23:55,"₹ 4,102"
231,IndiGo,BOM,AMD,1h 10m,direct,2024-06-23,15:15,16:25,"₹ 4,541"
232,IndiGo,BOM,AMD,1h 15m,direct,2024-06-23,18:25,19:40,"₹ 5,056"
233,IndiGo,BOM,AMD,1h 15m,direct,2024-06-23,21:25,22:40,"₹ 3,895"
234,Vistara,BOM,AMD,1h 40m,direct,2024-06-23,15:05,16:45,"₹ 11,238"
235,Vistara,BOM,AMD,4h 25m,1 stop,2024-06-23,18:30,22:55,"₹ 12,380"
236,Vistara,BOM,AMD,5h 30m,1 stop,2024-06-23,17:25,22:55,"₹ 13,640"
237,Vistara,BOM,AMD,4h 55m,1 stop,2024-06-23,14:40,19:35,"₹ 16,136"
238,Vistara,BOM,AMD,5h 45m,1 stop,2024-06-23,17:30,23:15,"₹ 18,228"
239,Vistara,BOM,AMD,5h 30m,1 stop,2024-06-23,11:25,16:55,"₹ 19,533"
240,Air India,BOM,AMD,4h 55m,1 stop,2024-06-23,13:00,17:55,"₹ 23,405"
241,Air India,BOM,AMD,5h 20m,1 stop,2024-06-23,16:00,21:20,"₹ 23,623"
242,Air India,BOM,AMD,5h 45m,1 stop,2024-06-23,15:35,21:20,"₹ 25,552"
243,"Vistara, Air India",BOM,AMD,4h 50m,1 stop,2024-06-23,17:25,22:15,"₹ 62,259"
244,"Vistara, Air India",BOM,AMD,5h 20m,1 stop,2024-06-23,12:35,17:55,"₹ 62,259"
245,"Vistara, Air India",BOM,AMD,5h 35m,1 stop,2024-06-23,15:45,21:20,"₹ 62,259"
246,"Air India, Vistara",BOM,AMD,4h 55m,1 stop,2024-06-23,18:00,22:55,"₹ 64,735"
247,"Air India, Vistara",BOM,AMD,4h 45m,1 stop,2024-06-23,10:15,15:00,"₹ 65,725"
248,IndiGo,BOM,JLR,8h 55m,1 stop,2024-06-23,10:15,19:10,"₹ 20,782"
249,IndiGo,BOM,JLR,15h 45m,1 stop,2024-06-23,23:30,15:15+1,"₹ 17,401"
250,IndiGo,BOM,JLR,11h 05m,1 stop,2024-06-23,08:05,19:10,"₹ 20,455"
251,IndiGo,BOM,JLR,10h 00m,1 stop,2024-06-23,21:35,07:35+1,"₹ 20,286"
252,IndiGo,BOM,JLR,13h 05m,1 stop,2024-06-23,18:30,07:35+1,"₹ 20,286"
253,IndiGo,BOM,JLR,14h 45m,1 stop,2024-06-23,16:50,07:35+1,"₹ 20,636"
254,IndiGo,BOM,JLR,17h 00m,1 stop,2024-06-23,22:15,15:15+1,"₹ 17,455"
255,"SpiceJet, IndiGo",BOM,JLR,16h 05m,1 stop,2024-06-23,23:10,15:15+1,"₹ 17,623"
256,"Vistara, IndiGo",BOM,JLR,16h 25m,1 stop,2024-06-23,22:50,15:15+1,"₹ 17,876"
257,Multiple Airlines,BOM,JLR,15h 20m,2 stops,2024-06-23,23:55,15:15+1,"₹ 28,739"
258,SpiceJet,BOM,JLR,20h 25m,1 stop,2024-06-23,23:10,19:35+1,"₹ 23,922"
259,Air India,DEL,BOM,2h 20m,direct,2024-06-23,09:00,11:20,"₹ 5,503"
260,Vistara,DEL,BOM,2h 10m,direct,2024-06-23,09:30,11:40,"₹ 7,012"
261,SpiceJet,DEL,BOM,2h 15m,direct,2024-06-23,20:15,22:30,"₹ 6,118"
262,Air India,DEL,BOM,2h 25m,direct,2024-06-23,20:00,22:25,"₹ 6,645"
263,Akasa Air,DEL,BOM,2h 15m,direct,2024-06-23,10:50,13:05,"₹ 7,010"
264,Vistara,DEL,BOM,2h 15m,direct,2024-06-23,19:45,22:00,"₹ 7,012"
265,Vistara,DEL,BOM,2h 15m,direct,2024-06-23,19:00,21:15,"₹ 7,012"
266,Vistara,DEL,BOM,2h 25m,direct,2024-06-23,20:40,23:05,"₹ 7,012"
267,IndiGo,DEL,BOM,2h 10m,direct,2024-06-23,17:15,19:25,"₹ 7,056"
268,IndiGo,DEL,BOM,2h 10m,direct,2024-06-23,19:15,21:25,"₹ 7,213"
269,Air India,DEL,BOM,2h 20m,direct,2024-06-23,10:45,13:05,"₹ 7,427"
270,Akasa Air,DEL,BOM,2h 20m,direct,2024-06-23,16:00,18:20,"₹ 7,716"
271,Vistara,DEL,BOM,2h 05m,direct,2024-06-23,15:30,17:35,"₹ 8,418"
272,Air India,DEL,BOM,2h 50m,direct,2024-06-23,17:15,20:05,"₹ 7,217"
273,IndiGo,DEL,BOM,2h 05m,direct,2024-06-23,15:15,17:20,"₹ 7,371"
274,IndiGo,DEL,BOM,2h 05m,direct,2024-06-23,16:15,18:20,"₹ 7,371"
275,IndiGo,DEL,BOM,2h 05m,direct,2024-06-23,18:15,20:20,"₹ 7,371"
276,IndiGo,DEL,BOM,2h 05m,direct,2024-06-23,09:00,11:05,"₹ 7,441"
277,Vistara,DEL,BOM,2h 15m,direct,2024-06-23,10:20,12:35,"₹ 7,852"
278,IndiGo,DEL,BOM,2h 20m,direct,2024-06-23,20:00,22:20,"₹ 7,948"
279,Air India,DEL,BOM,2h 15m,direct,2024-06-23,14:45,17:00,"₹ 8,057"
280,Vistara,DEL,BOM,2h 05m,direct,2024-06-23,14:20,16:25,"₹ 9,112"
281,Vistara,DEL,BOM,2h 10m,direct,2024-06-23,12:50,15:00,"₹ 9,112"
282,Vistara,DEL,BOM,2h 10m,direct,2024-06-23,11:40,13:50,"₹ 9,112"
283,Vistara,DEL,BOM,2h 10m,direct,2024-06-23,17:50,20:00,"₹ 9,112"
284,Vistara,DEL,BOM,2h 15m,direct,2024-06-23,16:50,19:05,"₹ 9,112"
285,Air India,DEL,BOM,2h 10m,direct,2024-06-23,19:10,21:20,"₹ 9,364"
286,Vistara,DEL,BOM,2h 20m,direct,2024-06-23,21:55,00:15+1,"₹ 5,893"
287,Air India,DEL,BOM,2h 15m,direct,2024-06-23,22:30,00:45+1,"₹ 5,895"
288,Vistara,DEL,BOM,2h 10m,direct,2024-06-23,21:30,23:40,"₹ 7,012"
289,IndiGo,DEL,BOM,2h 20m,direct,2024-06-23,11:15,13:35,"₹ 8,163"
290,IndiGo,DEL,BOM,2h 15m,direct,2024-06-23,10:00,12:15,"₹ 8,325"
291,IndiGo,DEL,BOM,2h 00m,direct,2024-06-23,14:10,16:10,"₹ 9,051"
292,Air India,DEL,BOM,2h 15m,direct,2024-06-23,14:00,16:15,"₹ 9,364"
293,SpiceJet,DEL,BOM,2h 15m,direct,2024-06-23,00:30,02:45,"₹ 6,145"
294,IndiGo,DEL,BOM,2h 10m,direct,2024-06-23,23:30,01:40+1,"₹ 6,405"
295,IndiGo,DEL,BOM,2h 10m,direct,2024-06-23,22:15,00:25+1,"₹ 6,615"
296,IndiGo,DEL,BOM,2h 15m,direct,2024-06-23,21:00,23:15,"₹ 7,056"
297,Air India,DEL,BOM,2h 15m,direct,2024-06-23,21:20,23:35,"₹ 7,182"
298,Air India,DEL,BOM,3h 35m,1 stop,2024-06-23,14:30,18:05,"₹ 8,459"
299,Air India,DEL,BOM,3h 35m,direct,2024-06-23,14:30,18:05,"₹ 9,300"
300,IndiGo,DEL,BOM,2h 10m,direct,2024-06-23,12:30,14:40,"₹ 11,046"
301,IndiGo,DEL,BOM,4h 40m,1 stop,2024-06-23,20:55,01:35+1,"₹ 9,139"
302,IndiGo,DEL,BOM,4h 55m,1 stop,2024-06-23,19:10,00:05+1,"₹ 10,080"
303,IndiGo,DEL,BOM,5h 25m,1 stop,2024-06-23,23:00,04:25+1,"₹ 7,605"
304,IndiGo,DEL,BOM,6h 25m,1 stop,2024-06-23,19:10,01:35+1,"₹ 8,501"
305,IndiGo,DEL,BOM,6h 25m,1 stop,2024-06-23,23:00,05:25+1,"₹ 8,531"
306,IndiGo,DEL,BOM,7h 30m,1 stop,2024-06-23,20:55,04:25+1,"₹ 8,942"
307,IndiGo,DEL,BOM,5h 35m,1 stop,2024-06-23,16:45,22:20,"₹ 9,944"
308,Air India,DEL,BOM,7h 25m,1 stop,2024-06-23,11:10,18:35,"₹ 10,482"
309,Air India,DEL,BOM,6h 55m,1 stop,2024-06-23,17:00,23:55,"₹ 10,549"
310,IndiGo,DEL,BOM,6h 25m,1 stop,2024-06-23,12:00,18:25,"₹ 10,817"
311,IndiGo,DEL,BOM,5h 00m,1 stop,2024-06-23,15:45,20:45,"₹ 11,413"
312,IndiGo,DEL,BOM,3h 40m,1 stop,2024-06-23,20:40,00:20+1,"₹ 13,528"
313,Vistara,DEL,BOM,5h 30m,1 stop,2024-06-23,13:30,19:00,"₹ 16,598"
314,IndiGo,DEL,BOM,3h 50m,1 stop,2024-06-23,19:30,23:20,"₹ 17,473"
315,Vistara,DEL,BOM,8h 50m,1 stop,2024-06-23,21:25,06:15+1,"₹ 7,148"
316,Air India,DEL,BOM,9h 10m,1 stop,2024-06-23,14:45,23:55,"₹ 10,404"
317,IndiGo,DEL,BOM,7h 40m,1 stop,2024-06-23,12:00,19:40,"₹ 10,817"
318,"SpiceJet, IndiGo",DEL,BOM,7h 35m,1 stop,2024-06-23,23:40,07:15+1,"₹ 13,192"
319,Air India,DEL,BOM,7h 45m,1 stop,2024-06-23,11:20,19:05,"₹ 13,867"
320,IndiGo,DEL,BOM,6h 25m,1 stop,2024-06-23,18:40,01:05+1,"₹ 14,667"
321,Air India,DEL,BOM,8h 55m,1 stop,2024-06-23,09:40,18:35,"₹ 14,937"
322,Air India,DEL,BOM,7h 10m,1 stop,2024-06-23,16:15,23:25,"₹ 15,752"
323,Air India,DEL,BOM,6h 40m,1 stop,2024-06-23,16:45,23:25,"₹ 16,529"
324,Air India,DEL,BOM,7h 55m,1 stop,2024-06-23,15:20,23:15,"₹ 16,585"
325,Air India,DEL,BOM,6h 00m,1 stop,2024-06-23,17:20,23:20,"₹ 16,587"
326,Air India,DEL,BOM,7h 35m,1 stop,2024-06-23,15:45,23:20,"₹ 16,587"
327,IndiGo,DEL,BOM,5h 50m,1 stop,2024-06-23,10:55,16:45,"₹ 16,728"
328,Air India Express,DEL,BOM,6h 05m,1 stop,2024-06-23,22:00,04:05+1,"₹ 16,991"
329,Vistara,DEL,BOM,5h 35m,1 stop,2024-06-23,17:35,23:10,"₹ 17,779"
330,Air India,DEL,BOM,8h 25m,1 stop,2024-06-23,15:10,23:35,"₹ 18,470"
331,Air India,DEL,BOM,5h 05m,1 stop,2024-06-23,13:00,18:05,"₹ 18,487"
332,Vistara,DEL,BOM,9h 05m,1 stop,2024-06-23,13:30,22:35,"₹ 18,688"
333,Air India,DEL,BOM,5h 50m,1 stop,2024-06-23,10:45,16:35,"₹ 19,665"
334,Air India,DEL,BOM,5h 40m,1 stop,2024-06-23,16:20,22:00,"₹ 20,398"
335,Vistara,DEL,BOM,7h 40m,1 stop,2024-06-23,15:45,23:25,"₹ 20,573"
336,Vistara,DEL,BOM,5h 35m,1 stop,2024-06-23,18:40,00:15+1,"₹ 20,808"
337,Vistara,DEL,BOM,4h 40m,1 stop,2024-06-23,10:25,15:05,"₹ 20,929"
338,Vistara,DEL,BOM,8h 25m,1 stop,2024-06-23,14:45,23:10,"₹ 20,929"
339,Vistara,DEL,BOM,5h 40m,1 stop,2024-06-23,17:40,23:20,"₹ 21,785"
340,Vistara,DEL,BOM,7h 15m,1 stop,2024-06-23,16:05,23:20,"₹ 21,838"
341,Air India,DEL,BOM,7h 40m,1 stop,2024-06-23,13:30,21:10,"₹ 23,297"
342,Air India Express,DEL,BOM,6h 55m,1 stop,2024-06-23,14:50,21:45,"₹ 24,603"
343,Air India,DEL,BOM,5h 10m,1 stop,2024-06-23,09:40,14:50,"₹ 25,700"
344,Vistara,DEL,BOM,5h 50m,1 stop,2024-06-23,16:05,21:55,"₹ 26,458"
345,Air India,DEL,BOM,6h 45m,1 stop,2024-06-23,17:25,00:10+1,"₹ 28,576"
346,Vistara,DEL,BOM,5h 50m,1 stop,2024-06-23,17:35,23:25,"₹ 28,718"
347,Vistara,DEL,BOM,6h 55m,1 stop,2024-06-23,13:35,20:30,"₹ 28,983"
348,Vistara,DEL,BOM,5h 10m,1 stop,2024-06-23,13:20,18:30,"₹ 30,578"
349,Vistara,DEL,BOM,4h 45m,1 stop,2024-06-23,12:25,17:10,"₹ 33,514"
350,SpiceJet,DEL,BOM,4h 45m,1 stop,2024-06-23,20:35,01:20+1,"₹ 42,134"
351,Vistara,DEL,BOM,5h 55m,1 stop,2024-06-23,17:50,23:45,"₹ 42,809"
352,"Vistara, Air India",DEL,BOM,4h 45m,1 stop,2024-06-23,13:20,18:05,"₹ 46,957"
353,"Vistara, Air India",DEL,BOM,4h 00m,1 stop,2024-06-23,18:00,22:00,"₹ 50,438"
354,"Vistara, Air India",DEL,BOM,5h 35m,1 stop,2024-06-23,13:30,19:05,"₹ 50,438"
355,Vistara,DEL,BOM,4h 50m,1 stop,2024-06-23,14:45,19:35,"₹ 51,725"
356,Air India,DEL,BOM,6h 55m,1 stop,2024-06-23,12:20,19:15,"₹ 57,586"
357,"Vistara, Air India",DEL,BOM,5h 30m,1 stop,2024-06-23,18:40,00:10+1,"₹ 60,113"
358,"Air India, Vistara",DEL,BOM,6h 10m,1 stop,2024-06-23,17:00,23:10,"₹ 60,670"
359,"Vistara, Air India",DEL,BOM,5h 55m,1 stop,2024-06-23,12:25,18:20,"₹ 62,547"
360,Vistara,DEL,BOM,6h 20m,1 stop,2024-06-23,13:55,20:15,"₹ 65,428"
361,Vistara,DEL,BOM,7h 00m,1 stop,2024-06-23,13:55,20:55,"₹ 65,428"
362,Vistara,DEL,BOM,8h 00m,1 stop,2024-06-23,13:55,21:55,"₹ 65,428"
363,"Air India, Vistara",DEL,BOM,4h 50m,1 stop,2024-06-23,14:45,19:35,"₹ 66,268"
364,"Air India, Vistara",DEL,BOM,6h 00m,1 stop,2024-06-23,17:20,23:20,"₹ 69,059"
365,"Air India, Vistara",DEL,BOM,6h 10m,1 stop,2024-06-23,15:45,21:55,"₹ 69,059"
366,"Vistara, Air India",DEL,BOM,5h 40m,1 stop,2024-06-23,17:40,23:20,"₹ 72,149"
367,"Vistara, Air India",DEL,BOM,6h 15m,1 stop,2024-06-23,16:20,22:35,"₹ 79,671"
368,Air India,DEL,BLR,2h 55m,direct,2024-06-23,19:10,22:05,"₹ 10,322"
369,Air India Express,DEL,BLR,4h 15m,1 stop,2024-06-23,19:15,23:30,"₹ 9,759"
370,Vistara,DEL,BLR,2h 50m,direct,2024-06-23,19:50,22:40,"₹ 11,607"
371,Vistara,DEL,BLR,2h 40m,direct,2024-06-23,20:50,23:30,"₹ 11,621"
372,IndiGo,DEL,BLR,2h 45m,direct,2024-06-23,20:20,23:05,"₹ 10,685"
373,Air India,DEL,BLR,2h 50m,direct,2024-06-23,17:20,20:10,"₹ 11,892"
374,Air India,DEL,BLR,2h 50m,direct,2024-06-23,09:40,12:30,"₹ 11,892"
375,Air India,DEL,BLR,2h 55m,direct,2024-06-23,15:45,18:40,"₹ 11,892"
376,SpiceJet,DEL,BLR,2h 50m,direct,2024-06-23,19:40,22:30,"₹ 11,903"
377,IndiGo,DEL,BLR,2h 45m,direct,2024-06-23,18:00,20:45,"₹ 12,999"
378,IndiGo,DEL,BLR,2h 45m,direct,2024-06-23,16:30,19:15,"₹ 14,499"
379,IndiGo,DEL,BLR,2h 50m,direct,2024-06-23,15:40,18:30,"₹ 14,499"
380,Air India,DEL,BLR,2h 55m,direct,2024-06-23,13:30,16:25,"₹ 14,686"
381,Vistara,DEL,BLR,2h 50m,direct,2024-06-23,17:40,20:30,"₹ 17,291"
382,Vistara,DEL,BLR,2h 40m,direct,2024-06-23,16:05,18:45,"₹ 17,344"
383,Air India Express,DEL,BLR,4h 15m,direct,2024-06-23,19:15,23:30,"₹ 9,761"
384,Air India,DEL,BLR,2h 55m,direct,2024-06-23,21:10,00:05+1,"₹ 11,004"
385,Air India Express,DEL,BLR,2h 50m,direct,2024-06-23,22:00,00:50+1,"₹ 11,593"
386,IndiGo,DEL,BLR,2h 45m,direct,2024-06-23,23:00,01:45+1,"₹ 11,599"
387,IndiGo,DEL,BLR,2h 50m,direct,2024-06-23,21:30,00:20+1,"₹ 11,599"
388,Akasa Air,DEL,BLR,2h 45m,direct,2024-06-23,22:40,01:25+1,"₹ 13,709"
389,IndiGo,DEL,BLR,2h 40m,direct,2024-06-23,13:00,15:40,"₹ 17,499"
390,IndiGo,DEL,BLR,2h 35m,direct,2024-06-23,21:10,23:45,"₹ 14,623"
391,IndiGo,DEL,BLR,2h 45m,direct,2024-06-23,14:15,17:00,"₹ 18,999"
392,IndiGo,DEL,BLR,2h 35m,direct,2024-06-23,10:30,13:05,"₹ 19,512"
393,IndiGo,DEL,BLR,5h 15m,1 stop,2024-06-23,20:15,01:30+1,"₹ 11,563"
394,IndiGo,DEL,BLR,6h 05m,1 stop,2024-06-23,20:10,02:15+1,"₹ 11,613"
395,IndiGo,DEL,BLR,5h 10m,1 stop,2024-06-23,23:15,04:25+1,"₹ 11,896"
396,IndiGo,DEL,BLR,4h 55m,1 stop,2024-06-23,21:20,02:15+1,"₹ 11,928"
397,Air India,DEL,BLR,5h 20m,1 stop,2024-06-23,17:00,22:20,"₹ 12,211"
398,"SpiceJet, IndiGo",DEL,BLR,5h 00m,1 stop,2024-06-23,20:15,01:15+1,"₹ 12,291"
399,"Vistara, IndiGo",DEL,BLR,4h 35m,1 stop,2024-06-23,20:55,01:30+1,"₹ 12,354"
400,"SpiceJet, Akasa Air",DEL,BLR,5h 30m,1 stop,2024-06-23,20:15,01:45+1,"₹ 12,699"
401,"Air India, IndiGo",DEL,BLR,5h 15m,1 stop,2024-06-23,20:00,01:15+1,"₹ 13,182"
402,Air India Express,DEL,BLR,4h 50m,1 stop,2024-06-23,22:15,03:05+1,"₹ 14,194"
403,IndiGo,DEL,BLR,4h 35m,1 stop,2024-06-23,17:40,22:15,"₹ 14,237"
404,IndiGo,DEL,BLR,5h 35m,1 stop,2024-06-23,18:30,00:05+1,"₹ 14,581"
405,IndiGo,DEL,BLR,4h 35m,1 stop,2024-06-23,16:50,21:25,"₹ 15,736"
406,IndiGo,DEL,BLR,4h 35m,1 stop,2024-06-23,14:30,19:05,"₹ 16,149"
407,Air India Express,DEL,BLR,4h 05m,1 stop,2024-06-23,14:05,18:10,"₹ 16,959"
408,Air India Express,DEL,BLR,4h 05m,direct,2024-06-23,14:05,18:10,"₹ 16,967"
409,IndiGo,DEL,BLR,4h 40m,1 stop,2024-06-23,19:30,00:10+1,"₹ 18,641"
410,Air India,DEL,BLR,7h 35m,1 stop,2024-06-23,14:45,22:20,"₹ 11,594"
411,"Air India, IndiGo",DEL,BLR,8h 30m,1 stop,2024-06-23,17:00,01:30+1,"₹ 11,684"
412,"Vistara, IndiGo",DEL,BLR,6h 15m,1 stop,2024-06-23,21:55,04:10+1,"₹ 11,865"
413,"Air India, IndiGo",DEL,BLR,5h 40m,1 stop,2024-06-23,22:30,04:10+1,"₹ 11,885"
414,Air India Express,DEL,BLR,7h 15m,1 stop,2024-06-23,10:15,17:30,"₹ 12,028"
415,"Vistara, IndiGo",DEL,BLR,6h 40m,1 stop,2024-06-23,21:30,04:10+1,"₹ 12,446"
416,"Air India, Air India Express",DEL,BLR,5h 20m,1 stop,2024-06-23,21:45,03:05+1,"₹ 12,695"
417,IndiGo,DEL,BLR,5h 55m,1 stop,2024-06-23,22:15,04:10+1,"₹ 12,737"
418,IndiGo,DEL,BLR,6h 50m,1 stop,2024-06-23,18:40,01:30+1,"₹ 13,047"
419,IndiGo,DEL,BLR,8h 15m,1 stop,2024-06-23,20:10,04:25+1,"₹ 13,150"
420,IndiGo,DEL,BLR,7h 05m,1 stop,2024-06-23,21:20,04:25+1,"₹ 13,494"
421,IndiGo,DEL,BLR,7h 00m,1 stop,2024-06-23,18:30,01:30+1,"₹ 13,991"
422,IndiGo,DEL,BLR,8h 40m,1 stop,2024-06-23,16:50,01:30+1,"₹ 14,408"
423,IndiGo,DEL,BLR,6h 50m,1 stop,2024-06-23,23:15,06:05+1,"₹ 15,340"
424,Air India Express,DEL,BLR,5h 35m,1 stop,2024-06-23,21:30,03:05+1,"₹ 15,453"
425,IndiGo,DEL,BLR,5h 35m,1 stop,2024-06-23,12:30,18:05,"₹ 16,032"
426,IndiGo,DEL,BLR,6h 35m,1 stop,2024-06-23,12:30,19:05,"₹ 16,149"
427,IndiGo,DEL,BLR,5h 20m,1 stop,2024-06-23,18:30,23:50,"₹ 17,451"
428,IndiGo,DEL,BLR,5h 20m,1 stop,2024-06-23,12:20,17:40,"₹ 18,027"
429,"Vistara, IndiGo",DEL,BLR,5h 35m,1 stop,2024-06-23,12:50,18:25,"₹ 18,535"
430,Vistara,DEL,BLR,6h 35m,1 stop,2024-06-23,13:30,20:05,"₹ 19,370"
431,Vistara,DEL,BLR,5h 35m,1 stop,2024-06-23,17:50,23:25,"₹ 19,693"
432,Vistara,DEL,BLR,6h 35m,1 stop,2024-06-23,16:50,23:25,"₹ 19,712"
433,IndiGo,DEL,BLR,4h 55m,1 stop,2024-06-23,13:40,18:35,"₹ 20,181"
434,IndiGo,DEL,BLR,6h 35m,1 stop,2024-06-23,13:40,20:15,"₹ 20,496"
435,IndiGo,DEL,BLR,4h 45m,1 stop,2024-06-23,17:00,21:45,"₹ 20,861"
436,Vistara,DEL,BLR,6h 25m,1 stop,2024-06-23,12:50,19:15,"₹ 22,535"
437,IndiGo,DEL,BLR,6h 35m,1 stop,2024-06-23,12:20,18:55,"₹ 22,664"
438,Vistara,DEL,BLR,4h 45m,1 stop,2024-06-23,13:50,18:35,"₹ 23,108"
439,IndiGo,DEL,BLR,5h 25m,1 stop,2024-06-23,13:30,18:55,"₹ 23,171"
440,Vistara,DEL,BLR,5h 40m,1 stop,2024-06-23,16:20,22:00,"₹ 24,517"
441,Vistara,DEL,BLR,4h 55m,1 stop,2024-06-23,14:20,19:15,"₹ 24,688"
442,Vistara,DEL,BLR,5h 25m,1 stop,2024-06-23,15:30,20:55,"₹ 24,688"
443,Vistara,DEL,BLR,4h 55m,1 stop,2024-06-23,12:50,17:45,"₹ 27,826"
444,Vistara,DEL,BLR,6h 05m,1 stop,2024-06-23,11:40,17:45,"₹ 27,826"
445,Air India,DEL,BLR,5h 40m,1 stop,2024-06-23,17:15,22:55,"₹ 27,933"
446,Vistara,DEL,BLR,2h 50m,direct,2024-06-23,13:55,16:45,"₹ 40,586"
447,"Air India, IndiGo",DEL,BLR,10h 45m,1 stop,2024-06-23,14:45,01:30+1,"₹ 11,141"
448,Vistara,DEL,BLR,9h 55m,1 stop,2024-06-23,20:55,06:50+1,"₹ 12,515"
449,"SpiceJet, Vistara",DEL,BLR,7h 10m,1 stop,2024-06-23,23:40,06:50+1,"₹ 15,011"
450,Air India,DEL,BLR,11h 10m,1 stop,2024-06-23,11:10,22:20,"₹ 15,127"
451,Air India Express,DEL,BLR,8h 25m,1 stop,2024-06-23,12:55,21:20,"₹ 18,547"
452,"Air India Express, Air India Express",DEL,BLR,8h 30m,1 stop,2024-06-23,15:55,00:25+1,"₹ 19,137"
453,Vistara,DEL,BLR,9h 45m,1 stop,2024-06-23,09:30,19:15,"₹ 20,011"
454,Vistara,DEL,BLR,10h 35m,1 stop,2024-06-23,10:20,20:55,"₹ 20,011"
455,Vistara,DEL,BLR,11h 25m,1 stop,2024-06-23,09:30,20:55,"₹ 20,011"
456,Vistara,DEL,BLR,10h 35m,1 stop,2024-06-23,12:50,23:25,"₹ 20,026"
457,IndiGo,DEL,BLR,10h 25m,1 stop,2024-06-23,20:35,07:00+1,"₹ 20,387"
458,Vistara,DEL,BLR,7h 55m,1 stop,2024-06-23,15:30,23:25,"₹ 22,349"
459,Vistara,DEL,BLR,8h 05m,1 stop,2024-06-23,12:50,20:55,"₹ 22,349"
460,Vistara,DEL,BLR,9h 05m,1 stop,2024-06-23,14:20,23:25,"₹ 22,349"
461,Vistara,DEL,BLR,10h 15m,1 stop,2024-06-23,21:30,07:45+1,"₹ 22,349"
462,Vistara,DEL,BLR,10h 55m,1 stop,2024-06-23,21:55,08:50+1,"₹ 22,349"
463,Vistara,DEL,BLR,11h 20m,1 stop,2024-06-23,21:30,08:50+1,"₹ 22,349"
464,Air India,DEL,BLR,10h 05m,1 stop,2024-06-23,22:30,08:35+1,"₹ 22,430"
465,"Air India Express, Air India Express",DEL,BLR,8h 15m,2 stops,2024-06-23,12:55,21:10,"₹ 23,444"
466,Vistara,DEL,BLR,9h 50m,1 stop,2024-06-23,21:55,07:45+1,"₹ 23,476"
467,Vistara,DEL,BLR,7h 25m,1 stop,2024-06-23,10:20,17:45,"₹ 23,581"
468,Vistara,DEL,BLR,7h 35m,1 stop,2024-06-23,11:40,19:15,"₹ 23,581"
469,Vistara,DEL,BLR,8h 15m,1 stop,2024-06-23,09:30,17:45,"₹ 23,581"
470,Vistara,DEL,BLR,8h 55m,1 stop,2024-06-23,10:20,19:15,"₹ 23,581"
471,Vistara,DEL,BLR,9h 15m,1 stop,2024-06-23,11:40,20:55,"₹ 23,581"
472,Vistara,DEL,BLR,9h 55m,2 stops,2024-06-23,13:30,23:25,"₹ 23,885"
473,IndiGo,DEL,BLR,9h 50m,1 stop,2024-06-23,22:00,07:50+1,"₹ 24,471"
474,Vistara,DEL,BLR,6h 50m,1 stop,2024-06-23,15:45,22:35,"₹ 25,439"
475,Air India Express,DEL,BLR,7h 35m,1 stop,2024-06-23,09:55,17:30,"₹ 25,786"
476,Air India Express,DEL,BLR,7h 55m,1 stop,2024-06-23,09:35,17:30,"₹ 25,786"
477,Air India Express,DEL,BLR,10h 15m,1 stop,2024-06-23,22:15,08:30+1,"₹ 26,196"
478,Air India Express,DEL,BLR,7h 15m,1 stop,2024-06-23,14:50,22:05,"₹ 26,200"
479,IndiGo,DEL,BLR,6h 15m,1 stop,2024-06-23,15:30,21:45,"₹ 26,801"
480,Air India,DEL,BLR,7h 15m,1 stop,2024-06-23,22:30,05:45+1,"₹ 27,285"
481,Vistara,DEL,BLR,11h 05m,1 stop,2024-06-23,20:40,07:45+1,"₹ 27,691"
482,Vistara,DEL,BLR,6h 35m,1 stop,2024-06-23,14:20,20:55,"₹ 27,826"
483,Air India,DEL,BLR,9h 45m,1 stop,2024-06-23,20:00,05:45+1,"₹ 27,860"
484,Air India,DEL,BLR,8h 25m,1 stop,2024-06-23,21:20,05:45+1,"₹ 28,369"
485,SpiceJet,DEL,BLR,5h 55m,1 stop,2024-06-23,18:55,00:50+1,"₹ 28,609"
486,Air India,DEL,BLR,5h 55m,1 stop,2024-06-23,14:45,20:40,"₹ 28,911"
487,Air India,DEL,BLR,8h 10m,1 stop,2024-06-23,14:45,22:55,"₹ 29,582"
488,Vistara,DEL,BLR,9h 20m,1 stop,2024-06-23,11:10,20:30,"₹ 30,033"
489,Air India,DEL,BLR,6h 10m,2 stops,2024-06-23,14:30,20:40,"₹ 30,198"
490,Air India,DEL,BLR,10h 35m,1 stop,2024-06-23,19:10,05:45+1,"₹ 30,521"
491,"IndiGo, Air India",DEL,BLR,6h 15m,1 stop,2024-06-23,23:30,05:45+1,"₹ 30,577"
492,Air India,DEL,BLR,6h 40m,1 stop,2024-06-23,14:00,20:40,"₹ 30,866"
493,Air India,DEL,BLR,8h 25m,2 stops,2024-06-23,14:30,22:55,"₹ 30,866"
494,Air India,DEL,BLR,8h 55m,1 stop,2024-06-23,14:00,22:55,"₹ 30,866"
495,Air India Express,DEL,BLR,9h 35m,1 stop,2024-06-23,15:20,00:55+1,"₹ 32,479"
496,Air India,DEL,BLR,7h 40m,2 stops,2024-06-23,13:00,20:40,"₹ 38,963"
497,Vistara,DEL,BLR,8h 30m,2 stops,2024-06-23,12:25,20:55,"₹ 42,114"
498,Air India,DEL,BLR,6h 10m,1 stop,2024-06-23,14:30,20:40,"₹ 47,512"
499,Air India,DEL,BLR,7h 45m,1 stop,2024-06-23,10:45,18:30,"₹ 47,827"
500,"Vistara, Air India",DEL,BLR,4h 45m,1 stop,2024-06-23,17:35,22:20,"₹ 57,509"
501,Air India Express,DEL,BLR,11h 00m,1 stop,2024-06-23,21:30,08:30+1,"₹ 27,934"
502,Vistara,DEL,BLR,9h 50m,2 stops,2024-06-23,13:35,23:25,"₹ 38,693"
503,Air India,DEL,BLR,8h 25m,1 stop,2024-06-23,14:30,22:55,"₹ 47,512"
504,Air India,DEL,BLR,9h 55m,1 stop,2024-06-23,10:45,20:40,"₹ 47,827"
505,"Vistara, Air India",DEL,BLR,7h 35m,1 stop,2024-06-23,14:45,22:20,"₹ 59,864"
506,"Vistara, Air India",DEL,BLR,5h 05m,1 stop,2024-06-23,17:50,22:55,"₹ 61,889"
507,"Vistara, Air India",DEL,BLR,5h 10m,1 stop,2024-06-23,15:30,20:40,"₹ 61,889"
508,"Vistara, Air India",DEL,BLR,5h 40m,1 stop,2024-06-23,12:50,18:30,"₹ 61,889"
509,"Vistara, Air India",DEL,BLR,6h 05m,1 stop,2024-06-23,16:50,22:55,"₹ 61,905"
510,"Vistara, Air India",DEL,BLR,6h 20m,1 stop,2024-06-23,14:20,20:40,"₹ 61,905"
511,Etihad Airways,DEL,BLR,10h 10m,1 stop,2024-06-23,16:55,03:05+1,"₹ 61,920"
512,"Air India, Vistara",DEL,BLR,5h 15m,1 stop,2024-06-23,14:00,19:15,"₹ 62,917"
513,"Air India, Vistara",DEL,BLR,6h 10m,1 stop,2024-06-23,14:45,20:55,"₹ 62,917"
514,"Air India, Vistara",DEL,BLR,6h 10m,1 stop,2024-06-23,17:15,23:25,"₹ 62,917"
515,"Air India, Vistara",DEL,BLR,6h 55m,1 stop,2024-06-23,14:00,20:55,"₹ 62,917"
516,"Air India, Vistara",DEL,BLR,8h 40m,1 stop,2024-06-23,14:45,23:25,"₹ 62,917"
517,"Air India, Vistara",DEL,BLR,5h 15m,1 stop,2024-06-23,16:45,22:00,"₹ 63,267"
518,"Vistara, Air India",DEL,BLR,7h 50m,1 stop,2024-06-23,21:55,05:45+1,"₹ 64,422"
519,"Vistara, Air India",DEL,BLR,7h 25m,1 stop,2024-06-23,15:30,22:55,"₹ 64,443"
520,"Vistara, Air India",DEL,BLR,7h 50m,1 stop,2024-06-23,12:50,20:40,"₹ 64,443"
521,"Vistara, Air India",DEL,BLR,8h 15m,1 stop,2024-06-23,21:30,05:45+1,"₹ 64,443"
522,"Vistara, Air India",DEL,BLR,8h 35m,1 stop,2024-06-23,14:20,22:55,"₹ 64,443"
523,"Vistara, Air India",DEL,BLR,9h 05m,1 stop,2024-06-23,20:40,05:45+1,"₹ 64,443"
524,"Vistara, Air India",DEL,BLR,8h 50m,2 stops,2024-06-23,13:30,22:20,"₹ 65,687"
525,"Vistara, Air India",DEL,BLR,9h 25m,2 stops,2024-06-23,13:30,22:55,"₹ 65,707"
526,Vistara,DEL,BLR,8h 40m,2 stops,2024-06-23,14:45,23:25,"₹ 74,360"
527,Qatar Airways,DEL,BLR,9h 25m,1 stop,2024-06-23,17:00,02:25+1,"₹ 96,160"
528,"Vistara, Air India",DEL,BLR,9h 10m,2 stops,2024-06-23,12:50,22:00,"₹ 96,914"
529,Emirates,DEL,BLR,11h 05m,1 stop,2024-06-23,21:50,08:55+1,"₹ 141,125"
530,Akasa Air,DEL,AMD,1h 40m,direct,2024-06-23,18:35,20:15,"₹ 5,424"
531,Vistara,DEL,AMD,1h 30m,direct,2024-06-23,21:25,22:55,"₹ 4,907"
532,IndiGo,DEL,AMD,1h 30m,direct,2024-06-23,19:10,20:40,"₹ 6,447"
533,IndiGo,DEL,AMD,1h 30m,direct,2024-06-23,20:55,22:25,"₹ 7,084"
534,Vistara,DEL,AMD,1h 35m,direct,2024-06-23,18:00,19:35,"₹ 7,403"
535,Air India,DEL,AMD,1h 30m,direct,2024-06-23,20:45,22:15,"₹ 7,672"
536,SpiceJet,DEL,AMD,2h 10m,direct,2024-06-23,20:55,23:05,"₹ 5,566"
537,IndiGo,DEL,AMD,1h 25m,direct,2024-06-23,12:00,13:25,"₹ 7,261"
538,IndiGo,DEL,AMD,1h 25m,direct,2024-06-23,23:00,00:25+1,"₹ 5,746"
539,Air India,DEL,AMD,1h 40m,direct,2024-06-23,11:20,13:00,"₹ 10,036"
540,Vistara,DEL,AMD,1h 30m,direct,2024-06-23,13:30,15:00,"₹ 11,351"
541,Air India,DEL,AMD,1h 35m,direct,2024-06-23,19:45,21:20,"₹ 13,968"
542,Air India,DEL,AMD,1h 35m,direct,2024-06-23,16:20,17:55,"₹ 15,856"
543,IndiGo,DEL,AMD,5h 40m,1 stop,2024-06-23,18:40,00:20+1,"₹ 7,397"
544,Vistara,DEL,AMD,4h 10m,1 stop,2024-06-23,19:45,23:55,"₹ 10,903"
545,Vistara,DEL,AMD,4h 55m,1 stop,2024-06-23,19:00,23:55,"₹ 10,903"
546,Air India,DEL,AMD,5h 05m,1 stop,2024-06-23,14:45,19:50,"₹ 11,567"
547,IndiGo,DEL,AMD,5h 40m,1 stop,2024-06-23,23:30,05:10+1,"₹ 9,860"
548,Air India,DEL,AMD,5h 50m,1 stop,2024-06-23,14:00,19:50,"₹ 12,861"
549,Vistara,DEL,AMD,6h 05m,1 stop,2024-06-23,17:50,23:55,"₹ 12,958"
550,"Air India, IndiGo",DEL,AMD,4h 40m,1 stop,2024-06-23,14:45,19:25,"₹ 13,477"
551,IndiGo,DEL,AMD,6h 35m,1 stop,2024-06-23,09:10,15:45,"₹ 14,544"
552,IndiGo,DEL,AMD,6h 40m,1 stop,2024-06-23,09:20,16:00,"₹ 16,238"
553,IndiGo,DEL,AMD,5h 40m,1 stop,2024-06-23,15:05,20:45,"₹ 19,306"
554,Vistara,DEL,AMD,5h 45m,1 stop,2024-06-23,11:10,16:55,"₹ 28,835"
555,"Vistara, Air India",DEL,AMD,4h 20m,1 stop,2024-06-23,15:30,19:50,"₹ 56,834"
556,"Vistara, Air India",DEL,AMD,5h 30m,1 stop,2024-06-23,14:20,19:50,"₹ 56,834"
557,"Air India, Vistara",DEL,AMD,4h 45m,1 stop,2024-06-23,19:10,23:55,"₹ 66,413"
558,Air India,DEL,HYD,2h 00m,direct,2024-06-23,14:45,16:45,"₹ 5,799"
559,Air India,DEL,HYD,2h 10m,direct,2024-06-23,17:00,19:10,"₹ 6,249"
560,Air India,DEL,HYD,2h 15m,direct,2024-06-23,11:10,13:25,"₹ 6,849"
561,Vistara,DEL,HYD,2h 20m,direct,2024-06-23,20:55,23:15,"₹ 7,477"
562,Air India,DEL,HYD,2h 20m,direct,2024-06-23,09:40,12:00,"₹ 7,670"
563,IndiGo,DEL,HYD,2h 10m,direct,2024-06-23,12:20,14:30,"₹ 9,045"
564,SpiceJet,DEL,HYD,2h 10m,direct,2024-06-23,23:40,01:50+1,"₹ 7,809"
565,IndiGo,DEL,HYD,2h 25m,direct,2024-06-23,10:45,13:10,"₹ 8,702"
566,IndiGo,DEL,HYD,2h 15m,direct,2024-06-23,20:15,22:30,"₹ 8,807"
567,IndiGo,DEL,HYD,2h 10m,direct,2024-06-23,13:30,15:40,"₹ 9,909"
568,IndiGo,DEL,HYD,2h 15m,direct,2024-06-23,18:30,20:45,"₹ 9,909"
569,IndiGo,DEL,HYD,2h 10m,direct,2024-06-23,17:00,19:10,"₹ 11,117"
570,Vistara,DEL,HYD,2h 10m,direct,2024-06-23,10:25,12:35,"₹ 12,629"
571,Akasa Air,DEL,HYD,2h 25m,direct,2024-06-23,21:40,00:05+1,"₹ 7,627"
572,IndiGo,DEL,HYD,2h 15m,direct,2024-06-23,22:00,00:15+1,"₹ 8,807"
573,Vistara,DEL,HYD,2h 15m,direct,2024-06-23,17:35,19:50,"₹ 12,629"
574,Vistara,DEL,HYD,2h 15m,direct,2024-06-23,14:45,17:00,"₹ 16,892"
575,IndiGo,DEL,HYD,2h 10m,direct,2024-06-23,15:30,17:40,"₹ 16,997"
576,Air India,DEL,HYD,5h 45m,1 stop,2024-06-23,10:45,16:30,"₹ 11,823"
577,IndiGo,DEL,HYD,5h 10m,1 stop,2024-06-23,16:50,22:00,"₹ 11,952"
578,Air India,DEL,HYD,6h 40m,1 stop,2024-06-23,14:45,21:25,"₹ 12,079"
579,Vistara,DEL,HYD,5h 05m,1 stop,2024-06-23,19:00,00:05+1,"₹ 13,331"
580,IndiGo,DEL,HYD,4h 25m,1 stop,2024-06-23,09:10,13:35,"₹ 13,513"
581,SpiceJet,DEL,HYD,6h 10m,1 stop,2024-06-23,12:00,18:10,"₹ 14,475"
582,IndiGo,DEL,HYD,5h 50m,1 stop,2024-06-23,16:45,22:35,"₹ 15,298"
583,Vistara,DEL,HYD,6h 15m,1 stop,2024-06-23,17:50,00:05+1,"₹ 17,097"
584,Vistara,DEL,HYD,5h 25m,1 stop,2024-06-23,15:30,20:55,"₹ 19,620"
585,Air India,DEL,HYD,7h 30m,1 stop,2024-06-23,09:00,16:30,"₹ 10,738"
586,Air India,DEL,HYD,8h 30m,1 stop,2024-06-23,08:00,16:30,"₹ 10,738"
587,Air India,DEL,HYD,9h 00m,1 stop,2024-06-23,22:30,07:30+1,"₹ 11,334"
588,Air India,DEL,HYD,6h 55m,1 stop,2024-06-23,14:30,21:25,"₹ 12,953"
589,SpiceJet,DEL,HYD,9h 15m,1 stop,2024-06-23,16:45,02:00+1,"₹ 13,213"
590,Air India,DEL,HYD,6h 55m,2 stops,2024-06-23,14:30,21:25,"₹ 13,389"
591,Air India,DEL,HYD,7h 25m,1 stop,2024-06-23,14:00,21:25,"₹ 13,595"
592,Air India,DEL,HYD,7h 30m,1 stop,2024-06-23,09:55,17:25,"₹ 14,327"
593,SpiceJet,DEL,HYD,8h 45m,1 stop,2024-06-23,09:25,18:10,"₹ 14,745"
594,Vistara,DEL,HYD,7h 15m,1 stop,2024-06-23,16:50,00:05+1,"₹ 17,097"
595,Vistara,DEL,HYD,8h 35m,1 stop,2024-06-23,15:30,00:05+1,"₹ 19,512"
596,Vistara,DEL,HYD,7h 40m,1 stop,2024-06-23,09:30,17:10,"₹ 19,620"
597,Vistara,DEL,HYD,8h 15m,1 stop,2024-06-23,08:55,17:10,"₹ 19,620"
598,Air India,DEL,HYD,8h 25m,2 stops,2024-06-23,13:00,21:25,"₹ 22,207"
599,IndiGo,DEL,HYD,7h 00m,1 stop,2024-06-23,13:00,20:00,"₹ 22,242"
600,Vistara,DEL,HYD,6h 35m,1 stop,2024-06-23,14:20,20:55,"₹ 22,422"
601,Vistara,DEL,HYD,6h 50m,1 stop,2024-06-23,10:20,17:10,"₹ 22,662"
602,Vistara,DEL,HYD,9h 15m,1 stop,2024-06-23,11:40,20:55,"₹ 22,662"
603,Vistara,DEL,HYD,8h 05m,1 stop,2024-06-23,12:50,20:55,"₹ 22,707"
604,Vistara,DEL,HYD,5h 30m,1 stop,2024-06-23,11:40,17:10,"₹ 26,862"
605,"Air India Express, Air India Express",DEL,HYD,7h 15m,1 stop,2024-06-23,15:55,23:10,"₹ 26,908"
606,IndiGo,DEL,HYD,5h 10m,1 stop,2024-06-23,15:05,20:15,"₹ 27,351"
607,IndiGo,DEL,HYD,6h 15m,1 stop,2024-06-23,16:25,22:40,"₹ 35,272"
608,Vistara,DEL,HYD,9h 05m,1 stop,2024-06-23,09:00,18:05,"₹ 43,591"
609,Vistara,DEL,HYD,7h 35m,2 stops,2024-06-23,13:20,20:55,"₹ 57,717"
610,"Vistara, Air India",DEL,HYD,5h 55m,1 stop,2024-06-23,15:30,21:25,"₹ 58,882"
611,"Vistara, Air India",DEL,HYD,7h 05m,1 stop,2024-06-23,14:20,21:25,"₹ 58,882"
612,"Vistara, Air India",DEL,HYD,8h 35m,1 stop,2024-06-23,12:50,21:25,"₹ 58,882"
613,"Air India, Vistara",DEL,HYD,4h 55m,1 stop,2024-06-23,19:10,00:05+1,"₹ 60,670"
614,"Air India, Vistara",DEL,HYD,6h 10m,1 stop,2024-06-23,14:45,20:55,"₹ 60,670"
615,"Air India, Vistara",DEL,HYD,6h 25m,2 stops,2024-06-23,14:30,20:55,"₹ 60,670"
616,"Air India, Vistara",DEL,HYD,6h 50m,1 stop,2024-06-23,17:15,00:05+1,"₹ 60,670"
617,"Air India, Vistara",DEL,HYD,6h 55m,1 stop,2024-06-23,14:00,20:55,"₹ 60,670"
618,"Air India, Vistara",DEL,HYD,9h 15m,1 stop,2024-06-23,22:30,07:45+1,"₹ 60,670"
619,"Vistara, Air India",DEL,HYD,6h 10m,1 stop,2024-06-23,13:30,19:40,"₹ 66,624"
620,"Vistara, Air India",DEL,HYD,7h 35m,2 stops,2024-06-23,13:20,20:55,"₹ 75,222"
621,Akasa Air,DEL,AMD,1h 40m,direct,2024-06-23,18:35,20:15,"₹ 5,424"
622,Vistara,DEL,AMD,1h 30m,direct,2024-06-23,21:25,22:55,"₹ 4,907"
623,IndiGo,DEL,AMD,1h 30m,direct,2024-06-23,19:10,20:40,"₹ 6,447"
624,IndiGo,DEL,AMD,1h 30m,direct,2024-06-23,20:55,22:25,"₹ 7,084"
625,Vistara,DEL,AMD,1h 35m,direct,2024-06-23,18:00,19:35,"₹ 7,403"
626,Air India,DEL,AMD,1h 30m,direct,2024-06-23,20:45,22:15,"₹ 7,672"
627,SpiceJet,DEL,AMD,2h 10m,direct,2024-06-23,20:55,23:05,"₹ 5,566"
628,IndiGo,DEL,AMD,1h 25m,direct,2024-06-23,12:00,13:25,"₹ 7,261"
629,IndiGo,DEL,AMD,1h 25m,direct,2024-06-23,23:00,00:25+1,"₹ 5,746"
630,Air India,DEL,AMD,1h 40m,direct,2024-06-23,11:20,13:00,"₹ 10,036"
631,Vistara,DEL,AMD,1h 30m,direct,2024-06-23,13:30,15:00,"₹ 11,351"
632,Air India,DEL,AMD,1h 35m,direct,2024-06-23,19:45,21:20,"₹ 13,968"
633,Air India,DEL,AMD,1h 35m,direct,2024-06-23,16:20,17:55,"₹ 15,856"
634,IndiGo,DEL,AMD,5h 40m,1 stop,2024-06-23,18:40,00:20+1,"₹ 7,397"
635,Vistara,DEL,AMD,4h 10m,1 stop,2024-06-23,19:45,23:55,"₹ 10,903"
636,Vistara,DEL,AMD,4h 55m,1 stop,2024-06-23,19:00,23:55,"₹ 10,903"
637,Air India,DEL,AMD,5h 05m,1 stop,2024-06-23,14:45,19:50,"₹ 11,567"
638,IndiGo,DEL,AMD,5h 40m,1 stop,2024-06-23,23:30,05:10+1,"₹ 9,860"
639,Air India,DEL,AMD,5h 50m,1 stop,2024-06-23,14:00,19:50,"₹ 12,861"
640,Vistara,DEL,AMD,6h 05m,1 stop,2024-06-23,17:50,23:55,"₹ 12,958"
641,"Air India, IndiGo",DEL,AMD,4h 40m,1 stop,2024-06-23,14:45,19:25,"₹ 13,477"
642,IndiGo,DEL,AMD,6h 35m,1 stop,2024-06-23,09:10,15:45,"₹ 14,544"
643,IndiGo,DEL,AMD,6h 40m,1 stop,2024-06-23,09:20,16:00,"₹ 16,238"
644,IndiGo,DEL,AMD,5h 40m,1 stop,2024-06-23,15:05,20:45,"₹ 19,306"
645,Vistara,DEL,AMD,5h 45m,1 stop,2024-06-23,11:10,16:55,"₹ 28,835"
646,"Vistara, Air India",DEL,AMD,4h 20m,1 stop,2024-06-23,15:30,19:50,"₹ 56,834"
647,"Vistara, Air India",DEL,AMD,5h 30m,1 stop,2024-06-23,14:20,19:50,"₹ 56,834"
648,"Air India, Vistara",DEL,AMD,4h 45m,1 stop,2024-06-23,19:10,23:55,"₹ 66,413"
649,IndiGo,DEL,JLR,5h 40m,1 stop,2024-06-23,13:30,19:10,"₹ 30,945"
650,"Vistara, IndiGo",DEL,JLR,13h 25m,1 stop,2024-06-23,18:10,07:35+1,"₹ 21,487"
651,IndiGo,DEL,JLR,6h 50m,1 stop,2024-06-23,12:20,19:10,"₹ 29,709"
652,IndiGo,DEL,JLR,10h 55m,1 stop,2024-06-23,20:40,07:35+1,"₹ 22,694"
653,"Air India, IndiGo",DEL,JLR,9h 50m,2 stops,2024-06-23,21:45,07:35+1,"₹ 26,088"
654,"Vistara, IndiGo",DEL,JLR,8h 55m,2 stops,2024-06-23,22:40,07:35+1,"₹ 28,700"
655,"Air India Express, IndiGo",DEL,JLR,9h 20m,2 stops,2024-06-23,22:15,07:35+1,"₹ 29,546"
656,IndiGo,DEL,JLR,11h 25m,2 stops,2024-06-23,20:10,07:35+1,"₹ 28,562"
657,IndiGo,DEL,JLR,10h 15m,2 stops,2024-06-23,21:20,07:35+1,"₹ 28,914"
658,"Vistara, IndiGo",DEL,JLR,10h 45m,2 stops,2024-06-23,20:50,07:35+1,"₹ 30,864"
659,"Air India Express, IndiGo",DEL,JLR,10h 05m,2 stops,2024-06-23,21:30,07:35+1,"₹ 30,963"
660,IndiGo,BLR,BOM,1h 35m,direct,2024-06-23,11:30,13:05,"₹ 5,762"
661,Air India,BLR,BOM,4h 45m,direct,2024-06-23,15:20,20:05,"₹ 3,949"
662,IndiGo,BLR,BOM,1h 40m,direct,2024-06-23,10:00,11:40,"₹ 5,870"
663,IndiGo,BLR,BOM,1h 50m,direct,2024-06-23,08:30,10:20,"₹ 5,521"
664,IndiGo,BLR,BOM,1h 40m,direct,2024-06-23,12:45,14:25,"₹ 6,660"
665,IndiGo,BLR,BOM,1h 45m,direct,2024-06-23,20:30,22:15,"₹ 7,185"
666,IndiGo,BLR,BOM,1h 40m,direct,2024-06-23,14:00,15:40,"₹ 7,290"
667,Vistara,BLR,BOM,1h 40m,direct,2024-06-23,08:30,10:10,"₹ 8,546"
668,Akasa Air,BLR,BOM,2h 00m,direct,2024-06-23,21:45,23:45,"₹ 5,759"
669,Air India,BLR,BOM,2h 00m,direct,2024-06-23,09:20,11:20,"₹ 7,611"
670,IndiGo,BLR,BOM,1h 55m,direct,2024-06-23,15:15,17:10,"₹ 7,920"
671,Air India,BLR,BOM,1h 50m,direct,2024-06-23,12:05,13:55,"₹ 8,559"
672,IndiGo,BLR,BOM,1h 45m,direct,2024-06-23,23:30,01:15+1,"₹ 6,345"
673,IndiGo,BLR,BOM,1h 55m,direct,2024-06-23,22:15,00:10+1,"₹ 6,345"
674,Air India,BLR,BOM,1h 55m,direct,2024-06-23,21:25,23:20,"₹ 7,507"
675,IndiGo,BLR,BOM,1h 50m,direct,2024-06-23,19:15,21:05,"₹ 9,075"
676,Air India,BLR,BOM,1h 50m,direct,2024-06-23,19:20,21:10,"₹ 9,656"
677,IndiGo,BLR,BOM,1h 45m,direct,2024-06-23,16:30,18:15,"₹ 10,020"
678,Vistara,BLR,BOM,1h 50m,direct,2024-06-23,18:25,20:15,"₹ 10,059"
679,Vistara,BLR,BOM,1h 55m,direct,2024-06-23,20:00,21:55,"₹ 10,059"
680,Vistara,BLR,BOM,1h 55m,direct,2024-06-23,19:00,20:55,"₹ 10,059"
681,IndiGo,BLR,BOM,1h 45m,direct,2024-06-23,18:00,19:45,"₹ 10,755"
682,Vistara,BLR,BOM,1h 45m,direct,2024-06-23,21:35,23:20,"₹ 10,059"
683,Vistara,BLR,BOM,1h 55m,direct,2024-06-23,09:30,11:25,"₹ 12,159"
684,Air India,BLR,BOM,4h 45m,1 stop,2024-06-23,15:20,20:05,"₹ 4,191"
685,IndiGo,BLR,BOM,3h 45m,1 stop,2024-06-23,20:20,00:05+1,"₹ 9,435"
686,Air India Express,BLR,BOM,6h 05m,1 stop,2024-06-23,15:40,21:45,"₹ 6,612"
687,IndiGo,BLR,BOM,4h 35m,1 stop,2024-06-23,10:05,14:40,"₹ 8,464"
688,Air India,BLR,BOM,6h 30m,1 stop,2024-06-23,16:00,22:30,"₹ 8,989"
689,IndiGo,BLR,BOM,5h 30m,1 stop,2024-06-23,16:35,22:05,"₹ 9,081"
690,IndiGo,BLR,BOM,5h 35m,1 stop,2024-06-23,18:50,00:25+1,"₹ 9,081"
691,IndiGo,BLR,BOM,4h 30m,1 stop,2024-06-23,17:35,22:05,"₹ 9,816"
692,IndiGo,BLR,BOM,4h 45m,1 stop,2024-06-23,15:30,20:15,"₹ 10,164"
693,IndiGo,BLR,BOM,4h 10m,1 stop,2024-06-23,17:55,22:05,"₹ 10,449"
694,"Air India, IndiGo",BLR,BOM,4h 10m,1 stop,2024-06-23,16:00,20:10,"₹ 10,833"
695,IndiGo,BLR,BOM,4h 20m,1 stop,2024-06-23,20:05,00:25+1,"₹ 11,496"
696,Vistara,BLR,BOM,4h 55m,1 stop,2024-06-23,11:00,15:55,"₹ 11,645"
697,IndiGo,BLR,BOM,4h 35m,1 stop,2024-06-23,16:00,20:35,"₹ 13,842"
698,IndiGo,BLR,BOM,4h 35m,1 stop,2024-06-23,13:00,17:35,"₹ 14,140"
699,IndiGo,BLR,BOM,3h 45m,1 stop,2024-06-23,12:10,15:55,"₹ 17,589"
700,Air India,BLR,BOM,7h 10m,1 stop,2024-06-23,15:20,22:30,"₹ 9,041"
701,Air India,BLR,BOM,6h 55m,1 stop,2024-06-23,13:10,20:05,"₹ 9,396"
702,Air India,BLR,BOM,7h 25m,1 stop,2024-06-23,16:00,23:25,"₹ 9,541"
703,IndiGo,BLR,BOM,6h 10m,1 stop,2024-06-23,17:55,00:05+1,"₹ 10,407"
704,IndiGo,BLR,BOM,5h 15m,1 stop,2024-06-23,16:55,22:10,"₹ 14,337"
705,IndiGo,BLR,BOM,6h 00m,1 stop,2024-06-23,07:40,13:40,"₹ 14,780"
706,Vistara,BLR,BOM,7h 15m,1 stop,2024-06-23,17:00,00:15+1,"₹ 16,748"
707,Vistara,BLR,BOM,6h 35m,1 stop,2024-06-23,16:50,23:25,"₹ 18,836"
708,IndiGo,BLR,BOM,5h 25m,1 stop,2024-06-23,19:40,01:05+1,"₹ 19,166"
709,IndiGo,BLR,BOM,4h 55m,1 stop,2024-06-23,16:35,21:30,"₹ 19,182"
710,IndiGo,BLR,BOM,4h 35m,1 stop,2024-06-23,18:25,23:00,"₹ 19,200"
711,IndiGo,BLR,BOM,4h 40m,1 stop,2024-06-23,09:00,13:40,"₹ 19,545"
712,Vistara,BLR,BOM,6h 15m,1 stop,2024-06-23,16:55,23:10,"₹ 20,244"
713,Vistara,BLR,BOM,6h 45m,1 stop,2024-06-23,17:30,00:15+1,"₹ 23,500"
714,Vistara,BLR,BOM,6h 10m,1 stop,2024-06-23,17:30,23:40,"₹ 24,350"
715,Vistara,BLR,BOM,5h 50m,1 stop,2024-06-23,08:00,13:50,"₹ 26,843"
716,Vistara,BLR,BOM,6h 05m,1 stop,2024-06-23,11:30,17:35,"₹ 26,843"
717,Vistara,BLR,BOM,7h 00m,1 stop,2024-06-23,08:00,15:00,"₹ 26,843"
718,Vistara,BLR,BOM,7h 35m,1 stop,2024-06-23,11:30,19:05,"₹ 26,843"
719,Air India,BLR,BOM,7h 35m,1 stop,2024-06-23,20:55,04:30+1,"₹ 37,549"
720,Air India,BLR,BOM,7h 00m,1 stop,2024-06-23,15:25,22:25,"₹ 38,772"
721,Air India,BLR,BOM,6h 20m,1 stop,2024-06-23,17:15,23:35,"₹ 39,286"
722,Air India,BLR,BOM,6h 50m,1 stop,2024-06-23,13:15,20:05,"₹ 39,286"
723,Air India,BLR,BOM,7h 30m,1 stop,2024-06-23,17:15,00:45+1,"₹ 39,582"
724,Air India,BLR,BOM,7h 10m,1 stop,2024-06-23,09:50,17:00,"₹ 40,109"
725,Air India,BLR,BOM,6h 25m,1 stop,2024-06-23,09:50,16:15,"₹ 41,344"
726,"Vistara, Air India",BLR,BOM,7h 10m,1 stop,2024-06-23,17:00,00:10+1,"₹ 43,179"
727,"Vistara, Air India",BLR,BOM,7h 00m,1 stop,2024-06-23,16:55,23:55,"₹ 45,017"
728,"Air India, Vistara",BLR,BOM,7h 10m,2 stops,2024-06-23,16:00,23:10,"₹ 46,833"
729,"Air India, Vistara",BLR,BOM,6h 35m,1 stop,2024-06-23,16:00,22:35,"₹ 57,155"
730,"Air India, Vistara",BLR,BOM,7h 15m,1 stop,2024-06-23,15:20,22:35,"₹ 57,155"
731,"Vistara, Air India",BLR,BOM,3h 55m,1 stop,2024-06-23,19:30,23:25,"₹ 57,831"
732,"Vistara, Air India",BLR,BOM,4h 00m,1 stop,2024-06-23,12:45,16:45,"₹ 68,097"
733,"Vistara, Air India",BLR,BOM,6h 20m,2 stops,2024-06-23,12:45,19:05,"₹ 76,681"
734,"Air India, Vistara",BLR,BOM,6h 25m,1 stop,2024-06-23,17:15,23:40,"₹ 77,805"
735,"Air India, Vistara",BLR,BOM,6h 35m,1 stop,2024-06-23,15:25,22:00,"₹ 77,805"
736,"Air India, Vistara",BLR,BOM,6h 45m,1 stop,2024-06-23,13:15,20:00,"₹ 77,805"
737,"Air India, Vistara",BLR,BOM,7h 00m,1 stop,2024-06-23,17:15,00:15+1,"₹ 77,805"
738,"Vistara, Air India",BLR,BOM,6h 45m,1 stop,2024-06-23,12:30,19:15,"₹ 79,824"
739,"Vistara, Air India",BLR,BOM,7h 20m,1 stop,2024-06-23,21:10,04:30+1,"₹ 81,368"
740,"Vistara, Air India",BLR,BOM,6h 05m,1 stop,2024-06-23,17:30,23:35,"₹ 81,420"
741,"Vistara, Air India",BLR,BOM,7h 15m,1 stop,2024-06-23,17:30,00:45+1,"₹ 81,428"
742,Vistara,BLR,DEL,2h 55m,direct,2024-06-23,18:45,21:40,"₹ 14,480"
743,Air India,BLR,DEL,12h 30m,2 stops,2024-06-23,15:20,03:50+1,"₹ 8,570"
744,Vistara,BLR,DEL,2h 40m,direct,2024-06-23,19:40,22:20,"₹ 14,585"
745,IndiGo,BLR,DEL,2h 50m,direct,2024-06-23,19:15,22:05,"₹ 14,004"
746,Air India Express,BLR,DEL,2h 45m,direct,2024-06-23,10:30,13:15,"₹ 14,039"
747,Air India Express,BLR,DEL,2h 55m,direct,2024-06-23,18:15,21:10,"₹ 14,039"
748,IndiGo,BLR,DEL,2h 50m,direct,2024-06-23,16:30,19:20,"₹ 16,629"
749,Vistara,BLR,DEL,2h 45m,direct,2024-06-23,17:30,20:15,"₹ 17,682"
750,IndiGo,BLR,DEL,2h 50m,direct,2024-06-23,18:00,20:50,"₹ 18,099"
751,IndiGo,BLR,DEL,2h 50m,direct,2024-06-23,13:00,15:50,"₹ 18,099"
752,IndiGo,BLR,DEL,3h 00m,direct,2024-06-23,20:30,23:30,"₹ 18,099"
753,IndiGo,BLR,DEL,2h 45m,direct,2024-06-23,08:00,10:45,"₹ 18,588"
754,IndiGo,BLR,DEL,2h 50m,direct,2024-06-23,10:30,13:20,"₹ 18,588"
755,IndiGo,BLR,DEL,5h 05m,1 stop,2024-06-23,20:00,01:05+1,"₹ 9,548"
756,Vistara,BLR,DEL,5h 10m,1 stop,2024-06-23,19:00,00:10+1,"₹ 10,765"
757,Air India Express,BLR,DEL,4h 10m,direct,2024-06-23,14:30,18:40,"₹ 14,039"
758,Air India Express,BLR,DEL,4h 10m,1 stop,2024-06-23,14:30,18:40,"₹ 14,181"
759,SpiceJet,BLR,DEL,3h 05m,direct,2024-06-23,23:00,02:05+1,"₹ 15,270"
760,Vistara,BLR,DEL,2h 40m,direct,2024-06-23,21:10,23:50,"₹ 15,679"
761,IndiGo,BLR,DEL,2h 50m,direct,2024-06-23,21:30,00:20+1,"₹ 16,629"
762,IndiGo,BLR,DEL,2h 50m,direct,2024-06-23,09:15,12:05,"₹ 20,314"
763,IndiGo,BLR,DEL,2h 55m,direct,2024-06-23,14:15,17:10,"₹ 21,564"
764,Vistara,BLR,DEL,2h 40m,direct,2024-06-23,11:30,14:10,"₹ 24,854"
765,Vistara,BLR,DEL,6h 00m,1 stop,2024-06-23,19:00,01:00+1,"₹ 10,765"
766,Vistara,BLR,DEL,6h 35m,1 stop,2024-06-23,18:25,01:00+1,"₹ 10,765"
767,Vistara,BLR,DEL,5h 45m,1 stop,2024-06-23,18:25,00:10+1,"₹ 11,920"
768,IndiGo,BLR,DEL,5h 30m,1 stop,2024-06-23,20:45,02:15+1,"₹ 14,063"
769,SpiceJet,BLR,DEL,5h 00m,1 stop,2024-06-23,14:30,19:30,"₹ 14,481"
770,Vistara,BLR,DEL,5h 00m,1 stop,2024-06-23,20:00,01:00+1,"₹ 16,725"
771,IndiGo,BLR,DEL,2h 50m,direct,2024-06-23,11:50,14:40,"₹ 26,269"
772,Air India,BLR,DEL,7h 55m,1 stop,2024-06-23,15:20,23:15,"₹ 10,335"
773,Air India,BLR,DEL,7h 55m,2 stops,2024-06-23,15:20,23:15,"₹ 10,615"
774,Air India,BLR,DEL,7h 25m,1 stop,2024-06-23,16:00,23:25,"₹ 11,659"
775,Air India Express,BLR,DEL,6h 50m,1 stop,2024-06-23,14:50,21:40,"₹ 11,743"
776,IndiGo,BLR,DEL,5h 40m,1 stop,2024-06-23,23:30,05:10+1,"₹ 12,288"
777,Air India,BLR,DEL,8h 05m,1 stop,2024-06-23,15:20,23:25,"₹ 12,401"
778,"Air India Express, Air India Express",BLR,DEL,5h 10m,1 stop,2024-06-23,21:50,03:00+1,"₹ 12,618"
779,"Air India Express, Air India",BLR,DEL,6h 50m,1 stop,2024-06-23,16:35,23:25,"₹ 12,736"
780,IndiGo,BLR,DEL,5h 30m,1 stop,2024-06-23,22:40,04:10+1,"₹ 12,803"
781,Air India Express,BLR,DEL,5h 10m,1 stop,2024-06-23,21:50,03:00+1,"₹ 12,863"
782,Air India,BLR,DEL,6h 25m,1 stop,2024-06-23,21:25,03:50+1,"₹ 13,233"
783,IndiGo,BLR,DEL,5h 55m,1 stop,2024-06-23,13:15,19:10,"₹ 13,416"
784,"Air India Express, IndiGo",BLR,DEL,4h 35m,1 stop,2024-06-23,23:35,04:10+1,"₹ 13,487"
785,"Air India Express, Air India",BLR,DEL,5h 10m,1 stop,2024-06-23,21:50,03:00+1,"₹ 13,510"
786,"IndiGo, Air India Express",BLR,DEL,5h 25m,1 stop,2024-06-23,13:15,18:40,"₹ 13,679"
787,SpiceJet,BLR,DEL,6h 35m,1 stop,2024-06-23,14:30,21:05,"₹ 14,402"
788,"IndiGo, Air India",BLR,DEL,5h 50m,1 stop,2024-06-23,17:35,23:25,"₹ 14,444"
789,IndiGo,BLR,DEL,6h 15m,1 stop,2024-06-23,14:00,20:15,"₹ 14,588"
790,IndiGo,BLR,DEL,6h 15m,1 stop,2024-06-23,18:55,01:10+1,"₹ 14,588"
791,"IndiGo, Air India",BLR,DEL,5h 05m,1 stop,2024-06-23,16:50,21:55,"₹ 14,883"
792,"IndiGo, Akasa Air",BLR,DEL,6h 00m,1 stop,2024-06-23,15:15,21:15,"₹ 15,005"
793,"Air India Express, IndiGo",BLR,DEL,5h 05m,1 stop,2024-06-23,18:20,23:25,"₹ 15,020"
794,"Akasa Air, Air India",BLR,DEL,5h 30m,1 stop,2024-06-23,16:25,21:55,"₹ 15,024"
795,IndiGo,BLR,DEL,5h 15m,1 stop,2024-06-23,18:50,00:05+1,"₹ 15,210"
796,"IndiGo, Air India",BLR,DEL,5h 45m,1 stop,2024-06-23,12:45,18:30,"₹ 15,306"
797,IndiGo,BLR,DEL,4h 50m,1 stop,2024-06-23,12:45,17:35,"₹ 15,526"
798,"Akasa Air, IndiGo",BLR,DEL,5h 00m,1 stop,2024-06-23,16:25,21:25,"₹ 15,693"
799,IndiGo,BLR,DEL,4h 35m,1 stop,2024-06-23,16:50,21:25,"₹ 15,801"
800,IndiGo,BLR,DEL,5h 10m,1 stop,2024-06-23,14:00,19:10,"₹ 16,233"
801,Air India,BLR,DEL,6h 40m,1 stop,2024-06-23,13:10,19:50,"₹ 16,512"
802,IndiGo,BLR,DEL,4h 45m,1 stop,2024-06-23,12:55,17:40,"₹ 16,710"
803,IndiGo,BLR,DEL,5h 35m,1 stop,2024-06-23,18:35,00:10+1,"₹ 16,889"
804,Air India,BLR,DEL,6h 25m,1 stop,2024-06-23,12:05,18:30,"₹ 17,254"
805,"IndiGo, Vistara",BLR,DEL,5h 25m,1 stop,2024-06-23,15:15,20:40,"₹ 17,577"
806,IndiGo,BLR,DEL,5h 50m,1 stop,2024-06-23,12:15,18:05,"₹ 17,611"
807,Vistara,BLR,DEL,5h 45m,1 stop,2024-06-23,11:00,16:45,"₹ 17,645"
808,Air India,BLR,DEL,5h 50m,1 stop,2024-06-23,12:05,17:55,"₹ 18,130"
809,Air India,BLR,DEL,5h 55m,1 stop,2024-06-23,09:20,15:15,"₹ 18,130"
810,IndiGo,BLR,DEL,4h 55m,1 stop,2024-06-23,07:40,12:35,"₹ 18,208"
811,IndiGo,BLR,DEL,6h 20m,1 stop,2024-06-23,17:00,23:20,"₹ 18,473"
812,Air India Express,BLR,DEL,5h 10m,1 stop,2024-06-23,15:40,20:50,"₹ 18,645"
813,Vistara,BLR,DEL,5h 35m,1 stop,2024-06-23,08:30,14:05,"₹ 20,530"
814,Vistara,BLR,DEL,6h 15m,1 stop,2024-06-23,08:30,14:45,"₹ 20,530"
815,IndiGo,BLR,DEL,4h 25m,1 stop,2024-06-23,14:45,19:10,"₹ 21,176"
816,IndiGo,BLR,DEL,4h 50m,1 stop,2024-06-23,16:00,20:50,"₹ 21,653"
817,IndiGo,BLR,DEL,5h 25m,1 stop,2024-06-23,18:25,23:50,"₹ 22,927"
818,IndiGo,BLR,DEL,2h 50m,direct,2024-06-23,22:45,01:35+1,"₹ 25,589"
819,Air India,BLR,DEL,2h 50m,direct,2024-06-23,09:50,12:40,"₹ 32,383"
820,Air India,BLR,DEL,2h 50m,direct,2024-06-23,11:45,14:35,"₹ 32,383"
821,Air India,BLR,DEL,2h 50m,direct,2024-06-23,17:15,20:05,"₹ 32,383"
822,Air India,BLR,DEL,2h 50m,direct,2024-06-23,19:30,22:20,"₹ 32,383"
823,Air India,BLR,DEL,2h 55m,direct,2024-06-23,13:15,16:10,"₹ 32,383"
824,Air India,BLR,DEL,3h 00m,direct,2024-06-23,20:55,23:55,"₹ 32,383"
825,Air India,BLR,DEL,3h 05m,direct,2024-06-23,15:25,18:30,"₹ 32,383"
826,"Air India, IndiGo",BLR,DEL,10h 15m,2 stops,2024-06-23,15:20,01:35+1,"₹ 10,216"
827,"Air India, IndiGo",BLR,DEL,9h 05m,2 stops,2024-06-23,15:20,00:25+1,"₹ 10,271"
828,Air India,BLR,DEL,10h 15m,1 stop,2024-06-23,13:10,23:25,"₹ 10,515"
829,"Air India, IndiGo",BLR,DEL,8h 05m,2 stops,2024-06-23,15:20,23:25,"₹ 10,536"
830,"Air India, Vistara",BLR,DEL,8h 50m,2 stops,2024-06-23,15:20,00:10+1,"₹ 10,645"
831,IndiGo,BLR,DEL,6h 55m,1 stop,2024-06-23,22:15,05:10+1,"₹ 12,288"
832,IndiGo,BLR,DEL,7h 35m,1 stop,2024-06-23,23:30,07:05+1,"₹ 12,288"
833,"IndiGo, SpiceJet",BLR,DEL,7h 00m,1 stop,2024-06-23,23:30,06:30+1,"₹ 12,450"
834,IndiGo,BLR,DEL,6h 50m,1 stop,2024-06-23,20:30,03:20+1,"₹ 13,229"
835,"Air India, IndiGo",BLR,DEL,5h 55m,1 stop,2024-06-23,21:25,03:20+1,"₹ 13,583"
836,"Air India Express, Vistara",BLR,DEL,8h 05m,1 stop,2024-06-23,23:35,07:40+1,"₹ 13,661"
837,"Air India Express, IndiGo",BLR,DEL,7h 45m,1 stop,2024-06-23,23:35,07:20+1,"₹ 13,727"
838,"Air India, Air India Express",BLR,DEL,5h 30m,1 stop,2024-06-23,21:25,02:55+1,"₹ 13,771"
839,IndiGo,BLR,DEL,8h 30m,1 stop,2024-06-23,14:00,22:30,"₹ 13,911"
840,IndiGo,BLR,DEL,9h 10m,2 stops,2024-06-23,14:00,23:10,"₹ 14,037"
841,"IndiGo, Akasa Air",BLR,DEL,7h 15m,1 stop,2024-06-23,14:00,21:15,"₹ 14,307"
842,Air India,BLR,DEL,8h 30m,1 stop,2024-06-23,19:20,03:50+1,"₹ 15,034"
843,IndiGo,BLR,DEL,7h 10m,1 stop,2024-06-23,14:00,21:10,"₹ 15,800"
844,Air India,BLR,DEL,10h 05m,2 stops,2024-06-23,13:10,23:15,"₹ 16,180"
845,"Vistara, Air India Express",BLR,DEL,5h 20m,1 stop,2024-06-23,21:35,02:55+1,"₹ 16,596"
846,"Air India Express, SpiceJet",BLR,DEL,5h 55m,1 stop,2024-06-23,23:35,05:30+1,"₹ 17,020"
847,Air India Express,BLR,DEL,6h 10m,1 stop,2024-06-23,16:45,22:55,"₹ 17,150"
848,Air India,BLR,DEL,8h 15m,1 stop,2024-06-23,12:05,20:20,"₹ 18,130"
849,Air India,BLR,DEL,8h 35m,1 stop,2024-06-23,09:20,17:55,"₹ 18,130"
850,Air India,BLR,DEL,9h 10m,1 stop,2024-06-23,12:05,21:15,"₹ 18,130"
851,Air India,BLR,DEL,9h 10m,1 stop,2024-06-23,09:20,18:30,"₹ 18,130"
852,IndiGo,BLR,DEL,6h 55m,1 stop,2024-06-23,11:45,18:40,"₹ 19,080"
853,Vistara,BLR,DEL,7h 10m,1 stop,2024-06-23,10:10,17:20,"₹ 19,866"
854,Vistara,BLR,DEL,8h 30m,1 stop,2024-06-23,08:30,17:00,"₹ 20,530"
855,Vistara,BLR,DEL,7h 40m,1 stop,2024-06-23,17:00,00:40+1,"₹ 21,432"
856,IndiGo,BLR,DEL,6h 15m,1 stop,2024-06-23,16:00,22:15,"₹ 21,696"
857,Air India Express,BLR,DEL,8h 30m,1 stop,2024-06-23,12:20,20:50,"₹ 24,399"
858,Vistara,BLR,DEL,5h 50m,1 stop,2024-06-23,16:50,22:40,"₹ 24,900"
859,Vistara,BLR,DEL,8h 50m,1 stop,2024-06-23,12:30,21:20,"₹ 24,900"
860,Vistara,BLR,DEL,5h 50m,1 stop,2024-06-23,16:55,22:45,"₹ 26,077"
861,Air India,BLR,DEL,8h 15m,2 stops,2024-06-23,12:05,20:20,"₹ 26,797"
862,Air India,BLR,DEL,12h 30m,2 stops,2024-06-23,15:20,03:50+1,"₹ 8,570"
863,Vistara,BLR,DEL,11h 30m,1 stop,2024-06-23,20:45,08:15+1,"₹ 11,955"
864,"Air India Express, Air India",BLR,DEL,10h 25m,1 stop,2024-06-23,23:35,10:00+1,"₹ 12,211"
865,IndiGo,BLR,DEL,10h 25m,2 stops,2024-06-23,12:45,23:10,"₹ 13,331"
866,Air India,BLR,DEL,11h 50m,1 stop,2024-06-23,21:25,09:15+1,"₹ 13,471"
867,"IndiGo, Air India",BLR,DEL,10h 30m,1 stop,2024-06-23,12:45,23:15,"₹ 13,838"
868,Air India Express,BLR,DEL,11h 35m,1 stop,2024-06-23,14:50,02:25+1,"₹ 14,236"
869,"Air India Express, Air India Express",BLR,DEL,11h 35m,1 stop,2024-06-23,14:50,02:25+1,"₹ 14,536"
870,Air India Express,BLR,DEL,9h 20m,1 stop,2024-06-23,23:35,08:55+1,"₹ 15,056"
871,Air India,BLR,DEL,11h 10m,1 stop,2024-06-23,12:05,23:15,"₹ 16,046"
872,"Air India Express, Air India Express",BLR,DEL,11h 05m,1 stop,2024-06-23,21:50,08:55+1,"₹ 16,221"
873,Air India Express,BLR,DEL,11h 05m,1 stop,2024-06-23,21:50,08:55+1,"₹ 16,532"
874,"Air India Express, Air India Express",BLR,DEL,11h 30m,1 stop,2024-06-23,11:25,22:55,"₹ 17,875"
875,Air India Express,BLR,DEL,11h 30m,1 stop,2024-06-23,11:25,22:55,"₹ 18,217"
876,Vistara,BLR,DEL,11h 05m,1 stop,2024-06-23,21:35,08:40+1,"₹ 18,393"
877,Vistara,BLR,DEL,11h 50m,1 stop,2024-06-23,10:10,22:00,"₹ 19,881"
878,Vistara,BLR,DEL,11h 10m,1 stop,2024-06-23,09:30,20:40,"₹ 20,637"
879,"Air India Express, Air India Express",BLR,DEL,8h 20m,1 stop,2024-06-23,11:55,20:15,"₹ 22,504"
880,"Air India Express, Air India Express",BLR,DEL,9h 25m,1 stop,2024-06-23,11:10,20:35,"₹ 22,875"
881,Vistara,BLR,DEL,9h 15m,2 stops,2024-06-23,12:45,22:00,"₹ 24,224"
882,Vistara,BLR,DEL,10h 10m,1 stop,2024-06-23,09:30,19:40,"₹ 24,269"
883,Vistara,BLR,DEL,10h 10m,1 stop,2024-06-23,12:30,22:40,"₹ 24,900"
884,"Air India Express, Air India Express",BLR,DEL,7h 45m,1 stop,2024-06-23,08:20,16:05,"₹ 28,482"
885,Vistara,BLR,DEL,10h 05m,1 stop,2024-06-23,10:40,20:45,"₹ 31,605"
886,Air India,BLR,DEL,9h 40m,2 stops,2024-06-23,12:05,21:45,"₹ 32,092"
887,Vistara,BLR,DEL,11h 25m,1 stop,2024-06-23,12:45,00:10+1,"₹ 37,350"
888,Vistara,BLR,DEL,10h 30m,1 stop,2024-06-23,21:35,08:05+1,"₹ 41,485"
889,Air India,BLR,DEL,7h 00m,2 stops,2024-06-23,16:00,23:00,"₹ 45,042"
890,"Air India, Vistara",BLR,DEL,6h 45m,2 stops,2024-06-23,16:00,22:45,"₹ 57,480"
891,"Vistara, Air India",BLR,DEL,6h 25m,1 stop,2024-06-23,17:00,23:25,"₹ 57,827"
892,"Air India, Vistara",BLR,DEL,5h 40m,1 stop,2024-06-23,19:20,01:00+1,"₹ 62,381"
893,"Air India, Vistara",BLR,DEL,6h 05m,1 stop,2024-06-23,12:05,18:10,"₹ 62,381"
894,"Vistara, Air India",BLR,DEL,6h 15m,1 stop,2024-06-23,21:35,03:50+1,"₹ 63,413"
895,"Vistara, Air India",BLR,DEL,7h 50m,1 stop,2024-06-23,20:00,03:50+1,"₹ 63,413"
896,"Air India, Vistara",BLR,DEL,8h 05m,1 stop,2024-06-23,16:00,00:05+1,"₹ 63,717"
897,"Air India, Vistara",BLR,DEL,7h 00m,1 stop,2024-06-23,13:10,20:10,"₹ 64,032"
898,Etihad Airways,BLR,DEL,10h 00m,1 stop,2024-06-23,21:55,07:55+1,"₹ 53,377"
899,"Vistara, Air India",BLR,DEL,8h 50m,1 stop,2024-06-23,19:00,03:50+1,"₹ 63,413"
900,"Vistara, Air India",BLR,DEL,6h 05m,1 stop,2024-06-23,16:55,23:00,"₹ 80,848"
901,"Vistara, Air India",BLR,DEL,7h 35m,2 stops,2024-06-23,12:45,20:20,"₹ 82,147"
902,"Vistara, Air India",BLR,DEL,7h 35m,2 stops,2024-06-23,12:45,20:20,"₹ 104,142"
903,"Vistara, Air India",BLR,DEL,8h 30m,2 stops,2024-06-23,12:45,21:15,"₹ 104,191"
904,"Vistara, Air India",BLR,DEL,7h 55m,2 stops,2024-06-23,12:45,20:40,"₹ 105,351"
905,"Vistara, Air India",BLR,DEL,8h 30m,2 stops,2024-06-23,12:45,21:15,"₹ 105,654"
906,"Vistara, Air India",BLR,DEL,9h 10m,2 stops,2024-06-23,12:45,21:55,"₹ 105,654"
907,"Vistara, Air India",BLR,DEL,10h 45m,2 stops,2024-06-23,12:30,23:15,"₹ 119,095"
908,"Vistara, Air India",BLR,DEL,10h 25m,2 stops,2024-06-23,12:30,22:55,"₹ 120,081"
909,"Vistara, Air India",BLR,DEL,11h 35m,2 stops,2024-06-23,12:30,00:05+1,"₹ 120,341"
910,Vistara,BLR,AMD,2h 15m,direct,2024-06-23,10:10,12:25,"₹ 7,287"
911,Air India,BLR,AMD,16h 05m,2 stops,2024-06-23,15:20,07:25+1,"₹ 7,218"
912,Vistara,BLR,AMD,2h 30m,direct,2024-06-23,20:45,23:15,"₹ 7,707"
913,IndiGo,BLR,AMD,2h 05m,direct,2024-06-23,21:05,23:10,"₹ 8,771"
914,IndiGo,BLR,AMD,2h 10m,direct,2024-06-23,13:45,15:55,"₹ 12,342"
915,IndiGo,BLR,AMD,2h 00m,direct,2024-06-23,17:50,19:50,"₹ 17,407"
916,IndiGo,BLR,AMD,4h 35m,1 stop,2024-06-23,12:25,17:00,"₹ 8,728"
917,Vistara,BLR,AMD,4h 10m,1 stop,2024-06-23,12:45,16:55,"₹ 11,771"
918,Vistara,BLR,AMD,3h 55m,1 stop,2024-06-23,20:00,23:55,"₹ 14,424"
919,IndiGo,BLR,AMD,5h 40m,1 stop,2024-06-23,23:30,05:10+1,"₹ 8,057"
920,IndiGo,BLR,AMD,5h 20m,1 stop,2024-06-23,22:15,03:35+1,"₹ 8,265"
921,IndiGo,BLR,AMD,5h 30m,1 stop,2024-06-23,20:30,02:00+1,"₹ 9,105"
922,"IndiGo, Akasa Air",BLR,AMD,4h 10m,1 stop,2024-06-23,22:15,02:25+1,"₹ 9,965"
923,IndiGo,BLR,AMD,4h 55m,1 stop,2024-06-23,11:30,16:25,"₹ 10,009"
924,IndiGo,BLR,AMD,4h 05m,1 stop,2024-06-23,23:30,03:35+1,"₹ 10,150"
925,Akasa Air,BLR,AMD,4h 40m,1 stop,2024-06-23,21:45,02:25+1,"₹ 10,179"
926,IndiGo,BLR,AMD,5h 25m,1 stop,2024-06-23,12:45,18:10,"₹ 10,297"
927,"IndiGo, Air India",BLR,AMD,4h 05m,1 stop,2024-06-23,12:45,16:50,"₹ 11,792"
928,IndiGo,BLR,AMD,5h 40m,1 stop,2024-06-23,14:00,19:40,"₹ 11,939"
929,IndiGo,BLR,AMD,5h 25m,1 stop,2024-06-23,10:05,15:30,"₹ 11,990"
930,IndiGo,BLR,AMD,4h 25m,1 stop,2024-06-23,15:15,19:40,"₹ 12,569"
931,IndiGo,BLR,AMD,5h 10m,1 stop,2024-06-23,18:55,00:05+1,"₹ 12,593"
932,IndiGo,BLR,AMD,4h 10m,1 stop,2024-06-23,14:00,18:10,"₹ 12,865"
933,Vistara,BLR,AMD,4h 55m,1 stop,2024-06-23,19:00,23:55,"₹ 12,954"
934,Vistara,BLR,AMD,5h 30m,1 stop,2024-06-23,18:25,23:55,"₹ 12,954"
935,"IndiGo, Air India",BLR,AMD,4h 35m,1 stop,2024-06-23,15:15,19:50,"₹ 13,189"
936,Air India,BLR,AMD,4h 45m,1 stop,2024-06-23,12:05,16:50,"₹ 13,439"
937,IndiGo,BLR,AMD,4h 40m,1 stop,2024-06-23,16:30,21:10,"₹ 13,508"
938,IndiGo,BLR,AMD,4h 40m,1 stop,2024-06-23,18:00,22:40,"₹ 14,243"
939,"Vistara, IndiGo",BLR,AMD,4h 15m,1 stop,2024-06-23,18:25,22:40,"₹ 15,765"
940,IndiGo,BLR,AMD,3h 50m,1 stop,2024-06-23,13:00,16:50,"₹ 16,941"
941,IndiGo,BLR,AMD,4h 10m,1 stop,2024-06-23,12:10,16:20,"₹ 17,369"
942,IndiGo,BLR,AMD,4h 20m,1 stop,2024-06-23,18:25,22:45,"₹ 19,451"
943,IndiGo,BLR,AMD,6h 55m,1 stop,2024-06-23,22:15,05:10+1,"₹ 9,163"
944,"Air India, IndiGo",BLR,AMD,7h 20m,2 stops,2024-06-23,15:20,22:40,"₹ 9,573"
945,IndiGo,BLR,AMD,7h 05m,1 stop,2024-06-23,20:30,03:35+1,"₹ 10,005"
946,IndiGo,BLR,AMD,8h 40m,1 stop,2024-06-23,20:30,05:10+1,"₹ 10,036"
947,"Akasa Air, IndiGo",BLR,AMD,5h 50m,1 stop,2024-06-23,21:45,03:35+1,"₹ 10,109"
948,"Akasa Air, IndiGo",BLR,AMD,7h 25m,1 stop,2024-06-23,21:45,05:10+1,"₹ 10,137"
949,"IndiGo, Akasa Air",BLR,AMD,5h 55m,1 stop,2024-06-23,20:30,02:25+1,"₹ 10,804"
950,IndiGo,BLR,AMD,8h 25m,1 stop,2024-06-23,12:45,21:10,"₹ 11,089"
951,"Air India, IndiGo",BLR,AMD,4h 35m,1 stop,2024-06-23,21:25,02:00+1,"₹ 11,379"
952,"Air India, Akasa Air",BLR,AMD,5h 00m,1 stop,2024-06-23,21:25,02:25+1,"₹ 11,449"
953,IndiGo,BLR,AMD,7h 10m,1 stop,2024-06-23,14:00,21:10,"₹ 11,758"
954,IndiGo,BLR,AMD,8h 40m,1 stop,2024-06-23,14:00,22:40,"₹ 11,758"
955,IndiGo,BLR,AMD,6h 45m,1 stop,2024-06-23,19:15,02:00+1,"₹ 11,995"
956,IndiGo,BLR,AMD,8h 20m,1 stop,2024-06-23,19:15,03:35+1,"₹ 11,995"
957,IndiGo,BLR,AMD,6h 55m,1 stop,2024-06-23,12:45,19:40,"₹ 12,338"
958,IndiGo,BLR,AMD,5h 55m,1 stop,2024-06-23,15:15,21:10,"₹ 12,446"
959,IndiGo,BLR,AMD,7h 25m,1 stop,2024-06-23,15:15,22:40,"₹ 12,446"
960,"IndiGo, Air India",BLR,AMD,5h 50m,1 stop,2024-06-23,14:00,19:50,"₹ 12,491"
961,"Air India Express, IndiGo",BLR,AMD,6h 20m,1 stop,2024-06-23,23:35,05:55+1,"₹ 13,274"
962,Air India,BLR,AMD,7h 45m,1 stop,2024-06-23,12:05,19:50,"₹ 13,439"
963,IndiGo,BLR,AMD,6h 45m,1 stop,2024-06-23,16:00,22:45,"₹ 13,728"
964,"Vistara, IndiGo",BLR,AMD,4h 25m,1 stop,2024-06-23,21:35,02:00+1,"₹ 14,204"
965,"Vistara, Akasa Air",BLR,AMD,4h 50m,1 stop,2024-06-23,21:35,02:25+1,"₹ 14,274"
966,"Air India, IndiGo",BLR,AMD,6h 40m,2 stops,2024-06-23,16:00,22:40,"₹ 15,300"
967,Vistara,BLR,AMD,7h 15m,1 stop,2024-06-23,09:30,16:45,"₹ 16,000"
968,"Air India, IndiGo",BLR,AMD,4h 50m,1 stop,2024-06-23,15:20,20:10,"₹ 16,325"
969,"Air India Express, IndiGo",BLR,AMD,4h 45m,1 stop,2024-06-23,14:40,19:25,"₹ 19,859"
970,Akasa Air,BLR,AMD,4h 15m,1 stop,2024-06-23,15:15,19:30,"₹ 20,838"
971,Vistara,BLR,AMD,5h 25m,1 stop,2024-06-23,17:30,22:55,"₹ 22,911"
972,Vistara,BLR,AMD,8h 05m,1 stop,2024-06-23,11:30,19:35,"₹ 28,392"
973,Air India,BLR,AMD,9h 05m,2 stops,2024-06-23,13:10,22:15,"₹ 39,830"
974,Air India,BLR,AMD,6h 50m,1 stop,2024-06-23,15:25,22:15,"₹ 40,439"
975,Air India,BLR,AMD,9h 00m,1 stop,2024-06-23,13:15,22:15,"₹ 41,188"
976,Air India,BLR,AMD,5h 55m,1 stop,2024-06-23,15:25,21:20,"₹ 49,795"
977,Air India,BLR,AMD,8h 05m,1 stop,2024-06-23,13:15,21:20,"₹ 50,848"
978,Air India,BLR,AMD,6h 10m,1 stop,2024-06-23,11:45,17:55,"₹ 53,623"
979,Air India,BLR,AMD,8h 05m,1 stop,2024-06-23,09:50,17:55,"₹ 53,623"
980,"Air India, Vistara",BLR,AMD,4h 35m,1 stop,2024-06-23,19:20,23:55,"₹ 57,627"
981,"Air India, Vistara",BLR,AMD,8h 35m,2 stops,2024-06-23,15:20,23:55,"₹ 57,627"
982,"Air India, Vistara",BLR,AMD,5h 40m,1 stop,2024-06-23,17:15,22:55,"₹ 71,409"
983,"Air India, Vistara",BLR,AMD,6h 20m,1 stop,2024-06-23,13:15,19:35,"₹ 71,409"
984,"Air India, Vistara",BLR,AMD,7h 30m,1 stop,2024-06-23,15:25,22:55,"₹ 71,409"
985,Vistara,BLR,AMD,2h 15m,direct,2024-06-23,10:10,12:25,"₹ 7,287"
986,Air India,BLR,AMD,16h 05m,2 stops,2024-06-23,15:20,07:25+1,"₹ 7,218"
987,Vistara,BLR,AMD,2h 30m,direct,2024-06-23,20:45,23:15,"₹ 7,707"
988,IndiGo,BLR,AMD,2h 05m,direct,2024-06-23,21:05,23:10,"₹ 8,771"
989,IndiGo,BLR,AMD,2h 10m,direct,2024-06-23,13:45,15:55,"₹ 12,342"
990,IndiGo,BLR,AMD,2h 00m,direct,2024-06-23,17:50,19:50,"₹ 17,407"
991,IndiGo,BLR,AMD,4h 35m,1 stop,2024-06-23,12:25,17:00,"₹ 8,728"
992,Vistara,BLR,AMD,4h 10m,1 stop,2024-06-23,12:45,16:55,"₹ 11,771"
993,Vistara,BLR,AMD,3h 55m,1 stop,2024-06-23,20:00,23:55,"₹ 14,424"
994,IndiGo,BLR,AMD,5h 40m,1 stop,2024-06-23,23:30,05:10+1,"₹ 8,057"
995,IndiGo,BLR,AMD,5h 20m,1 stop,2024-06-23,22:15,03:35+1,"₹ 8,265"
996,IndiGo,BLR,AMD,5h 30m,1 stop,2024-06-23,20:30,02:00+1,"₹ 9,105"
997,"IndiGo, Akasa Air",BLR,AMD,4h 10m,1 stop,2024-06-23,22:15,02:25+1,"₹ 9,965"
998,IndiGo,BLR,AMD,4h 55m,1 stop,2024-06-23,11:30,16:25,"₹ 10,009"
999,IndiGo,BLR,AMD,4h 05m,1 stop,2024-06-23,23:30,03:35+1,"₹ 10,150"
1000,Akasa Air,BLR,AMD,4h 40m,1 stop,2024-06-23,21:45,02:25+1,"₹ 10,179"
1001,IndiGo,BLR,AMD,5h 25m,1 stop,2024-06-23,12:45,18:10,"₹ 10,297"
1002,"IndiGo, Air India",BLR,AMD,4h 05m,1 stop,2024-06-23,12:45,16:50,"₹ 11,792"
1003,IndiGo,BLR,AMD,5h 40m,1 stop,2024-06-23,14:00,19:40,"₹ 11,939"
1004,IndiGo,BLR,AMD,5h 25m,1 stop,2024-06-23,10:05,15:30,"₹ 11,990"
1005,IndiGo,BLR,AMD,4h 25m,1 stop,2024-06-23,15:15,19:40,"₹ 12,569"
1006,IndiGo,BLR,AMD,5h 10m,1 stop,2024-06-23,18:55,00:05+1,"₹ 12,593"
1007,IndiGo,BLR,AMD,4h 10m,1 stop,2024-06-23,14:00,18:10,"₹ 12,865"
1008,Vistara,BLR,AMD,4h 55m,1 stop,2024-06-23,19:00,23:55,"₹ 12,954"
1009,Vistara,BLR,AMD,5h 30m,1 stop,2024-06-23,18:25,23:55,"₹ 12,954"
1010,"IndiGo, Air India",BLR,AMD,4h 35m,1 stop,2024-06-23,15:15,19:50,"₹ 13,189"
1011,Air India,BLR,AMD,4h 45m,1 stop,2024-06-23,12:05,16:50,"₹ 13,439"
1012,IndiGo,BLR,AMD,4h 40m,1 stop,2024-06-23,16:30,21:10,"₹ 13,508"
1013,IndiGo,BLR,AMD,4h 40m,1 stop,2024-06-23,18:00,22:40,"₹ 14,243"
1014,"Vistara, IndiGo",BLR,AMD,4h 15m,1 stop,2024-06-23,18:25,22:40,"₹ 15,765"
1015,IndiGo,BLR,AMD,3h 50m,1 stop,2024-06-23,13:00,16:50,"₹ 16,941"
1016,IndiGo,BLR,AMD,4h 10m,1 stop,2024-06-23,12:10,16:20,"₹ 17,369"
1017,IndiGo,BLR,AMD,4h 20m,1 stop,2024-06-23,18:25,22:45,"₹ 19,451"
1018,IndiGo,BLR,AMD,6h 55m,1 stop,2024-06-23,22:15,05:10+1,"₹ 9,163"
1019,"Air India, IndiGo",BLR,AMD,7h 20m,2 stops,2024-06-23,15:20,22:40,"₹ 9,573"
1020,IndiGo,BLR,AMD,7h 05m,1 stop,2024-06-23,20:30,03:35+1,"₹ 10,005"
1021,IndiGo,BLR,AMD,8h 40m,1 stop,2024-06-23,20:30,05:10+1,"₹ 10,036"
1022,"Akasa Air, IndiGo",BLR,AMD,5h 50m,1 stop,2024-06-23,21:45,03:35+1,"₹ 10,109"
1023,"Akasa Air, IndiGo",BLR,AMD,7h 25m,1 stop,2024-06-23,21:45,05:10+1,"₹ 10,137"
1024,"IndiGo, Akasa Air",BLR,AMD,5h 55m,1 stop,2024-06-23,20:30,02:25+1,"₹ 10,804"
1025,IndiGo,BLR,AMD,8h 25m,1 stop,2024-06-23,12:45,21:10,"₹ 11,089"
1026,"Air India, IndiGo",BLR,AMD,4h 35m,1 stop,2024-06-23,21:25,02:00+1,"₹ 11,379"
1027,"Air India, Akasa Air",BLR,AMD,5h 00m,1 stop,2024-06-23,21:25,02:25+1,"₹ 11,449"
1028,IndiGo,BLR,AMD,7h 10m,1 stop,2024-06-23,14:00,21:10,"₹ 11,758"
1029,IndiGo,BLR,AMD,8h 40m,1 stop,2024-06-23,14:00,22:40,"₹ 11,758"
1030,IndiGo,BLR,AMD,6h 45m,1 stop,2024-06-23,19:15,02:00+1,"₹ 11,995"
1031,IndiGo,BLR,AMD,8h 20m,1 stop,2024-06-23,19:15,03:35+1,"₹ 11,995"
1032,IndiGo,BLR,AMD,6h 55m,1 stop,2024-06-23,12:45,19:40,"₹ 12,338"
1033,IndiGo,BLR,AMD,5h 55m,1 stop,2024-06-23,15:15,21:10,"₹ 12,446"
1034,IndiGo,BLR,AMD,7h 25m,1 stop,2024-06-23,15:15,22:40,"₹ 12,446"
1035,"IndiGo, Air India",BLR,AMD,5h 50m,1 stop,2024-06-23,14:00,19:50,"₹ 12,491"
1036,"Air India Express, IndiGo",BLR,AMD,6h 20m,1 stop,2024-06-23,23:35,05:55+1,"₹ 13,274"
1037,Air India,BLR,AMD,7h 45m,1 stop,2024-06-23,12:05,19:50,"₹ 13,439"
1038,IndiGo,BLR,AMD,6h 45m,1 stop,2024-06-23,16:00,22:45,"₹ 13,728"
1039,"Vistara, IndiGo",BLR,AMD,4h 25m,1 stop,2024-06-23,21:35,02:00+1,"₹ 14,204"
1040,"Vistara, Akasa Air",BLR,AMD,4h 50m,1 stop,2024-06-23,21:35,02:25+1,"₹ 14,274"
1041,"Air India, IndiGo",BLR,AMD,6h 40m,2 stops,2024-06-23,16:00,22:40,"₹ 15,300"
1042,Vistara,BLR,AMD,7h 15m,1 stop,2024-06-23,09:30,16:45,"₹ 16,000"
1043,"Air India, IndiGo",BLR,AMD,4h 50m,1 stop,2024-06-23,15:20,20:10,"₹ 16,325"
1044,"Air India Express, IndiGo",BLR,AMD,4h 45m,1 stop,2024-06-23,14:40,19:25,"₹ 19,859"
1045,Akasa Air,BLR,AMD,4h 15m,1 stop,2024-06-23,15:15,19:30,"₹ 20,838"
1046,Vistara,BLR,AMD,5h 25m,1 stop,2024-06-23,17:30,22:55,"₹ 22,911"
1047,Vistara,BLR,AMD,8h 05m,1 stop,2024-06-23,11:30,19:35,"₹ 28,392"
1048,Air India,BLR,AMD,9h 05m,2 stops,2024-06-23,13:10,22:15,"₹ 39,830"
1049,Air India,BLR,AMD,6h 50m,1 stop,2024-06-23,15:25,22:15,"₹ 40,439"
1050,Air India,BLR,AMD,9h 00m,1 stop,2024-06-23,13:15,22:15,"₹ 41,188"
1051,Air India,BLR,AMD,5h 55m,1 stop,2024-06-23,15:25,21:20,"₹ 49,795"
1052,Air India,BLR,AMD,8h 05m,1 stop,2024-06-23,13:15,21:20,"₹ 50,848"
1053,Air India,BLR,AMD,6h 10m,1 stop,2024-06-23,11:45,17:55,"₹ 53,623"
1054,Air India,BLR,AMD,8h 05m,1 stop,2024-06-23,09:50,17:55,"₹ 53,623"
1055,"Air India, Vistara",BLR,AMD,4h 35m,1 stop,2024-06-23,19:20,23:55,"₹ 57,627"
1056,"Air India, Vistara",BLR,AMD,8h 35m,2 stops,2024-06-23,15:20,23:55,"₹ 57,627"
1057,"Air India, Vistara",BLR,AMD,5h 40m,1 stop,2024-06-23,17:15,22:55,"₹ 71,409"
1058,"Air India, Vistara",BLR,AMD,6h 20m,1 stop,2024-06-23,13:15,19:35,"₹ 71,409"
1059,"Air India, Vistara",BLR,AMD,7h 30m,1 stop,2024-06-23,15:25,22:55,"₹ 71,409"
1060,IndiGo,BLR,JLR,8h 55m,1 stop,2024-06-23,22:40,07:35+1,"₹ 19,988"
1061,SpiceJet,BLR,JLR,20h 35m,1 stop,2024-06-23,23:00,19:35+1,"₹ 23,231"
1062,"Etihad Airways, Vistara",AMD,HYD,13h 00m,2 stops,2024-06-23,10:15,23:15,"₹ 45,266"
1063,"Etihad Airways, Vistara",AMD,HYD,23h 15m,2 stops,2024-06-23,10:15,09:30+1,"₹ 45,266"
1064,"Etihad Airways, Vistara",AMD,HYD,23h 15m,2 stops,2024-06-23,10:15,09:30+1,"₹ 46,143"
1065,IndiGo,HYD,AMD,1h 35m,direct,2024-06-23,17:50,19:25,"₹ 5,951"
1066,IndiGo,HYD,AMD,1h 55m,direct,2024-06-23,14:25,16:20,"₹ 5,426"
1067,IndiGo,HYD,AMD,1h 45m,direct,2024-06-23,21:00,22:45,"₹ 5,951"
1068,IndiGo,HYD,AMD,3h 55m,1 stop,2024-06-23,23:40,03:35+1,"₹ 6,779"
1069,IndiGo,HYD,AMD,5h 10m,1 stop,2024-06-23,14:30,19:40,"₹ 7,474"
1070,IndiGo,HYD,AMD,4h 10m,1 stop,2024-06-23,17:00,21:10,"₹ 9,448"
1071,IndiGo,HYD,AMD,5h 30m,1 stop,2024-06-23,23:40,05:10+1,"₹ 6,571"
1072,IndiGo,HYD,AMD,6h 05m,1 stop,2024-06-23,21:30,03:35+1,"₹ 6,791"
1073,IndiGo,HYD,AMD,5h 40m,1 stop,2024-06-23,17:00,22:40,"₹ 7,474"
1074,"Vistara, IndiGo",HYD,AMD,4h 25m,1 stop,2024-06-23,21:35,02:00+1,"₹ 8,473"
1075,"Vistara, Akasa Air",HYD,AMD,4h 50m,1 stop,2024-06-23,21:35,02:25+1,"₹ 8,527"
1076,"Air India, IndiGo",HYD,AMD,5h 25m,1 stop,2024-06-23,22:10,03:35+1,"₹ 8,600"
1077,"Air India, Akasa Air",HYD,AMD,4h 15m,1 stop,2024-06-23,22:10,02:25+1,"₹ 8,654"
1078,"IndiGo, Akasa Air",HYD,AMD,4h 55m,1 stop,2024-06-23,21:30,02:25+1,"₹ 8,668"
1079,Air India,HYD,AMD,6h 30m,1 stop,2024-06-23,13:20,19:50,"₹ 9,213"
1080,Air India,AMD,BOM,1h 20m,direct,2024-06-23,08:20,09:40,"₹ 2,878"
1081,Air India,AMD,BOM,1h 30m,direct,2024-06-23,17:35,19:05,"₹ 3,649"
1082,IndiGo,AMD,BOM,1h 25m,direct,2024-06-23,18:15,19:40,"₹ 3,651"
1083,IndiGo,AMD,BOM,1h 10m,direct,2024-06-23,10:45,11:55,"₹ 3,940"
1084,IndiGo,AMD,BOM,1h 20m,direct,2024-06-23,19:30,20:50,"₹ 3,972"
1085,IndiGo,AMD,BOM,1h 20m,direct,2024-06-23,17:05,18:25,"₹ 3,972"
1086,Vistara,AMD,BOM,1h 35m,direct,2024-06-23,17:25,19:00,"₹ 4,090"
1087,Air India,AMD,BOM,1h 30m,direct,2024-06-23,20:30,22:00,"₹ 4,220"
1088,IndiGo,AMD,BOM,1h 30m,direct,2024-06-23,22:35,00:05+1,"₹ 4,453"
1089,Akasa Air,AMD,BOM,1h 20m,direct,2024-06-23,10:20,11:40,"₹ 8,004"
1090,Akasa Air,AMD,BOM,1h 45m,direct,2024-06-23,15:20,17:05,"₹ 10,186"
1091,Air India,AMD,BOM,5h 30m,1 stop,2024-06-23,23:00,04:30+1,"₹ 8,547"
1092,Air India,AMD,BOM,4h 55m,1 stop,2024-06-23,18:40,23:35,"₹ 12,565"
1093,IndiGo,AMD,BOM,5h 15m,1 stop,2024-06-23,17:05,22:20,"₹ 12,676"
1094,IndiGo,AMD,BOM,5h 40m,1 stop,2024-06-23,23:45,05:25+1,"₹ 12,965"
1095,Vistara,AMD,BOM,5h 35m,1 stop,2024-06-23,15:40,21:15,"₹ 13,609"
1096,Vistara,AMD,BOM,5h 45m,1 stop,2024-06-23,17:35,23:20,"₹ 19,013"
1097,"Air India, Vistara",AMD,BOM,5h 00m,1 stop,2024-06-23,18:40,23:40,"₹ 62,682"
1098,"Air India, Vistara",AMD,BOM,5h 20m,1 stop,2024-06-23,13:45,19:05,"₹ 62,682"
1099,"Air India, Vistara",AMD,BOM,5h 35m,1 stop,2024-06-23,18:40,00:15+1,"₹ 62,698"
1100,"Vistara, Air India",AMD,BOM,5h 45m,1 stop,2024-06-23,17:35,23:20,"₹ 63,164"
1101,"Vistara, Air India",AMD,BOM,5h 40m,1 stop,2024-06-23,15:40,21:20,"₹ 66,149"
1102,"Vistara, Air India",AMD,BOM,3h 40m,1 stop,2024-06-23,13:05,16:45,"₹ 74,727"
1103,Vistara,AMD,DEL,1h 45m,direct,2024-06-23,20:15,22:00,"₹ 4,445"
1104,Air India,AMD,DEL,1h 40m,direct,2024-06-23,22:05,23:45,"₹ 3,420"
1105,IndiGo,AMD,DEL,1h 30m,direct,2024-06-23,15:50,17:20,"₹ 4,506"
1106,IndiGo,AMD,DEL,1h 40m,direct,2024-06-23,18:55,20:35,"₹ 5,215"
1107,Air India,AMD,DEL,1h 40m,direct,2024-06-23,18:40,20:20,"₹ 5,400"
1108,Air India,AMD,DEL,1h 45m,direct,2024-06-23,13:45,15:30,"₹ 5,400"
1109,IndiGo,AMD,DEL,1h 40m,direct,2024-06-23,23:20,01:00+1,"₹ 3,605"
1110,Air India,AMD,DEL,1h 30m,direct,2024-06-23,23:00,00:30+1,"₹ 4,000"
1111,IndiGo,AMD,DEL,1h 40m,direct,2024-06-23,11:20,13:00,"₹ 5,788"
1112,Vistara,AMD,DEL,1h 40m,direct,2024-06-23,15:40,17:20,"₹ 6,896"
1113,IndiGo,AMD,DEL,1h 50m,direct,2024-06-23,21:20,23:10,"₹ 3,605"
1114,IndiGo,AMD,DEL,1h 30m,direct,2024-06-23,09:45,11:15,"₹ 7,205"
1115,IndiGo,AMD,DEL,5h 10m,1 stop,2024-06-23,14:35,19:45,"₹ 6,627"
1116,Air India,AMD,DEL,5h 40m,1 stop,2024-06-23,17:35,23:15,"₹ 9,182"
1117,IndiGo,AMD,DEL,4h 55m,1 stop,2024-06-23,19:30,00:25+1,"₹ 10,129"
1118,"Air India, IndiGo",AMD,DEL,5h 05m,1 stop,2024-06-23,20:30,01:35+1,"₹ 10,152"
1119,Vistara,AMD,DEL,5h 30m,1 stop,2024-06-23,17:25,22:55,"₹ 10,236"
1120,Vistara,AMD,DEL,4h 30m,1 stop,2024-06-23,17:25,21:55,"₹ 10,758"
1121,IndiGo,AMD,DEL,4h 20m,1 stop,2024-06-23,16:00,20:20,"₹ 11,032"
1122,IndiGo,AMD,DEL,7h 10m,1 stop,2024-06-23,15:35,22:45,"₹ 8,964"
1123,Vistara,AMD,DEL,6h 45m,1 stop,2024-06-23,17:25,00:10+1,"₹ 9,050"
1124,"Vistara, IndiGo",AMD,DEL,6h 00m,1 stop,2024-06-23,17:25,23:25,"₹ 9,877"
1125,IndiGo,AMD,DEL,7h 00m,1 stop,2024-06-23,16:25,23:25,"₹ 10,171"
1126,IndiGo,AMD,DEL,5h 25m,1 stop,2024-06-23,16:00,21:25,"₹ 11,330"
1127,Vistara,AMD,DEL,6h 15m,1 stop,2024-06-23,17:35,23:50,"₹ 29,345"
1128,"Air India, Vistara",AMD,DEL,5h 20m,1 stop,2024-06-23,17:35,22:55,"₹ 57,212"
1129,"Air India, Vistara",AMD,DEL,6h 35m,1 stop,2024-06-23,17:35,00:10+1,"₹ 57,212"
1130,"Vistara, Air India",AMD,DEL,5h 50m,1 stop,2024-06-23,17:25,23:15,"₹ 66,791"
1131,"Vistara, Air India",AMD,DEL,6h 20m,1 stop,2024-06-23,17:35,23:55,"₹ 78,588"
1132,"Vistara, Air India",AMD,DEL,7h 15m,2 stops,2024-06-23,13:05,20:20,"₹ 113,607"
1133,Akasa Air,AMD,BLR,2h 20m,direct,2024-06-23,20:05,22:25,"₹ 9,708"
1134,IndiGo,AMD,BLR,2h 25m,direct,2024-06-23,23:45,02:10+1,"₹ 6,638"
1135,Vistara,AMD,BLR,2h 30m,direct,2024-06-23,17:35,20:05,"₹ 9,794"
1136,IndiGo,AMD,BLR,2h 10m,direct,2024-06-23,16:35,18:45,"₹ 10,320"
1137,IndiGo,AMD,BLR,5h 45m,1 stop,2024-06-23,19:30,01:15+1,"₹ 7,305"
1138,IndiGo,AMD,BLR,5h 35m,1 stop,2024-06-23,19:55,01:30+1,"₹ 7,569"
1139,IndiGo,AMD,BLR,5h 15m,1 stop,2024-06-23,18:15,23:30,"₹ 8,419"
1140,IndiGo,AMD,BLR,5h 25m,1 stop,2024-06-23,20:50,02:15+1,"₹ 9,848"
1141,IndiGo,AMD,BLR,7h 00m,1 stop,2024-06-23,18:15,01:15+1,"₹ 8,233"
1142,IndiGo,AMD,BLR,5h 35m,1 stop,2024-06-23,22:35,04:10+1,"₹ 8,256"
1143,IndiGo,AMD,BLR,8h 10m,1 stop,2024-06-23,17:05,01:15+1,"₹ 8,566"
1144,IndiGo,AMD,BLR,6h 25m,1 stop,2024-06-23,17:05,23:30,"₹ 8,740"
1145,"Vistara, IndiGo",AMD,BLR,6h 05m,1 stop,2024-06-23,17:25,23:30,"₹ 10,189"
1146,"Vistara, Akasa Air",AMD,BLR,5h 50m,1 stop,2024-06-23,17:25,23:15,"₹ 10,257"
1147,"Air India, IndiGo",AMD,BLR,5h 55m,1 stop,2024-06-23,17:35,23:30,"₹ 10,293"
1148,"IndiGo, Akasa Air",AMD,BLR,5h 00m,1 stop,2024-06-23,18:15,23:15,"₹ 10,466"
1149,"Air India, IndiGo",AMD,BLR,4h 45m,1 stop,2024-06-23,20:30,01:15+1,"₹ 10,590"
1150,"Air India, Akasa Air",AMD,BLR,5h 40m,1 stop,2024-06-23,17:35,23:15,"₹ 10,632"
1151,"IndiGo, Akasa Air",AMD,BLR,5h 00m,1 stop,2024-06-23,19:30,00:30+1,"₹ 10,825"
1152,"Air India, Akasa Air",AMD,BLR,5h 15m,1 stop,2024-06-23,20:30,01:45+1,"₹ 10,998"
1153,"Air India, Akasa Air",AMD,BLR,5h 55m,1 stop,2024-06-23,20:30,02:25+1,"₹ 10,998"
1154,IndiGo,AMD,BLR,5h 00m,1 stop,2024-06-23,17:05,22:05,"₹ 12,004"
1155,Air India,AMD,BLR,6h 45m,1 stop,2024-06-23,20:30,03:15+1,"₹ 12,785"
1156,Air India,AMD,BLR,5h 25m,1 stop,2024-06-23,18:40,00:05+1,"₹ 13,650"
1157,Air India,AMD,BLR,6h 25m,1 stop,2024-06-23,13:45,20:10,"₹ 13,650"
1158,"IndiGo, Akasa Air",AMD,BLR,3h 45m,1 stop,2024-06-23,20:50,00:35+1,"₹ 14,568"
1159,IndiGo,AMD,BLR,5h 25m,1 stop,2024-06-23,12:15,17:40,"₹ 14,966"
1160,IndiGo,AMD,BLR,5h 20m,1 stop,2024-06-23,13:05,18:25,"₹ 15,022"
1161,IndiGo,AMD,BLR,4h 40m,1 stop,2024-06-23,13:55,18:35,"₹ 17,278"
1162,IndiGo,AMD,BLR,8h 40m,1 stop,2024-06-23,19:30,04:10+1,"₹ 9,055"
1163,IndiGo,AMD,BLR,7h 35m,1 stop,2024-06-23,20:50,04:25+1,"₹ 11,236"
1164,Air India,AMD,BLR,8h 20m,1 stop,2024-06-23,13:45,22:05,"₹ 13,650"
1165,IndiGo,AMD,BLR,6h 25m,1 stop,2024-06-23,09:30,15:55,"₹ 13,827"
1166,IndiGo,AMD,BLR,9h 05m,1 stop,2024-06-23,16:25,01:30+1,"₹ 14,560"
1167,IndiGo,AMD,BLR,9h 15m,1 stop,2024-06-23,20:50,06:05+1,"₹ 14,665"
1168,"Akasa Air, Air India Express",AMD,BLR,4h 20m,1 stop,2024-06-23,21:00,01:20+1,"₹ 14,975"
1169,IndiGo,AMD,BLR,8h 35m,1 stop,2024-06-23,15:35,00:10+1,"₹ 16,526"
1170,IndiGo,AMD,BLR,6h 20m,1 stop,2024-06-23,13:55,20:15,"₹ 17,593"
1171,Vistara,AMD,BLR,6h 00m,1 stop,2024-06-23,17:25,23:25,"₹ 22,865"
1172,Air India,AMD,BLR,5h 20m,1 stop,2024-06-23,17:35,22:55,"₹ 24,525"
1173,IndiGo,AMD,BLR,8h 25m,1 stop,2024-06-23,23:25,07:50+1,"₹ 13,441"
1174,IndiGo,AMD,BLR,9h 10m,1 stop,2024-06-23,22:35,07:45+1,"₹ 13,622"
1175,Air India,AMD,BLR,9h 55m,1 stop,2024-06-23,23:00,08:55+1,"₹ 13,650"
1176,IndiGo,AMD,BLR,9h 30m,1 stop,2024-06-23,12:15,21:45,"₹ 17,162"
1177,IndiGo,AMD,BLR,8h 35m,1 stop,2024-06-23,13:55,22:30,"₹ 17,651"
1178,Air India,AMD,BLR,8h 35m,2 stops,2024-06-23,13:45,22:20,"₹ 20,607"
1179,Air India,AMD,BLR,9h 10m,2 stops,2024-06-23,13:45,22:55,"₹ 21,015"
1180,Vistara,AMD,BLR,7h 25m,1 stop,2024-06-23,13:05,20:30,"₹ 22,571"
1181,Air India,AMD,BLR,8h 20m,1 stop,2024-06-23,22:05,06:25+1,"₹ 23,109"
1182,Air India,AMD,BLR,7h 25m,1 stop,2024-06-23,23:00,06:25+1,"₹ 23,239"
1183,IndiGo,AMD,BLR,6h 05m,1 stop,2024-06-23,17:45,23:50,"₹ 23,670"
1184,Air India,AMD,BLR,9h 35m,2 stops,2024-06-23,23:00,08:35+1,"₹ 25,373"
1185,Air India,AMD,BLR,9h 15m,1 stop,2024-06-23,20:30,05:45+1,"₹ 25,616"
1186,Vistara,AMD,BLR,7h 00m,1 stop,2024-06-23,15:40,22:40,"₹ 32,802"
1187,Vistara,AMD,BLR,7h 50m,1 stop,2024-06-23,15:40,23:30,"₹ 41,011"
1188,"Air India, Vistara",AMD,BLR,5h 50m,1 stop,2024-06-23,17:35,23:25,"₹ 48,962"
1189,"Vistara, Air India",AMD,BLR,5h 30m,1 stop,2024-06-23,17:25,22:55,"₹ 57,509"
1190,"Vistara, Air India",AMD,BLR,6h 25m,1 stop,2024-06-23,15:40,22:05,"₹ 71,291"
1191,"Vistara, Air India",AMD,BLR,8h 25m,1 stop,2024-06-23,15:40,00:05+1,"₹ 71,291"
1192,"Air India, Vistara",AMD,BLR,9h 45m,1 stop,2024-06-23,13:45,23:30,"₹ 72,797"
1193,"Air India, Vistara",AMD,BLR,8h 55m,1 stop,2024-06-23,13:45,22:40,"₹ 72,852"
1194,"Air India, Vistara",AMD,BLR,6h 45m,1 stop,2024-06-23,13:45,20:30,"₹ 72,963"
1195,"Vistara, Air India",AMD,BLR,7h 35m,2 stops,2024-06-23,13:05,20:40,"₹ 103,921"
1196,"Vistara, Air India",AMD,BLR,9h 50m,2 stops,2024-06-23,13:05,22:55,"₹ 103,970"
1197,"Vistara, Air India",AMD,BLR,7h 50m,2 stops,2024-06-23,13:05,20:55,"₹ 106,199"
1198,IndiGo,AMD,HYD,1h 50m,direct,2024-06-23,19:55,21:45,"₹ 5,597"
1199,IndiGo,AMD,HYD,1h 45m,direct,2024-06-23,23:25,01:10+1,"₹ 5,597"
1200,IndiGo,AMD,HYD,1h 35m,direct,2024-06-23,12:15,13:50,"₹ 6,827"
1201,Star Air,AMD,HYD,2h 35m,1 stop,2024-06-23,14:45,17:20,"₹ 5,766"
1202,Air India,AMD,HYD,3h 50m,1 stop,2024-06-23,17:35,21:25,"₹ 7,584"
1203,IndiGo,AMD,HYD,4h 20m,1 stop,2024-06-23,20:50,01:10+1,"₹ 7,908"
1204,IndiGo,AMD,HYD,4h 30m,1 stop,2024-06-23,18:15,22:45,"₹ 8,806"
1205,IndiGo,AMD,HYD,4h 30m,1 stop,2024-06-23,19:30,00:00+1,"₹ 8,868"
1206,"IndiGo, Vistara",AMD,HYD,4h 35m,1 stop,2024-06-23,19:30,00:05+1,"₹ 9,109"
1207,IndiGo,AMD,HYD,5h 45m,1 stop,2024-06-23,18:15,00:00+1,"₹ 7,095"
1208,IndiGo,AMD,HYD,5h 40m,1 stop,2024-06-23,17:05,22:45,"₹ 7,515"
1209,IndiGo,AMD,HYD,6h 55m,1 stop,2024-06-23,17:05,00:00+1,"₹ 8,211"
1210,IndiGo,AMD,HYD,5h 25m,1 stop,2024-06-23,10:45,16:10,"₹ 8,247"
1211,IndiGo,AMD,HYD,6h 40m,1 stop,2024-06-23,15:50,22:30,"₹ 9,975"
1212,Air India,AMD,HYD,5h 25m,1 stop,2024-06-23,13:45,19:10,"₹ 11,344"
1213,IndiGo,AMD,HYD,5h 35m,1 stop,2024-06-23,16:25,22:00,"₹ 12,092"
1214,IndiGo,AMD,HYD,5h 15m,1 stop,2024-06-23,16:15,21:30,"₹ 12,788"
1215,IndiGo,AMD,HYD,5h 30m,1 stop,2024-06-23,17:05,22:35,"₹ 13,157"
1216,IndiGo,AMD,HYD,4h 45m,1 stop,2024-06-23,13:05,17:50,"₹ 18,613"
1217,IndiGo,AMD,HYD,4h 10m,1 stop,2024-06-23,20:20,00:30+1,"₹ 20,165"
1218,IndiGo,AMD,HYD,7h 20m,1 stop,2024-06-23,22:35,05:55+1,"₹ 8,707"
1219,IndiGo,AMD,HYD,7h 05m,1 stop,2024-06-23,12:55,20:00,"₹ 11,803"
1220,IndiGo,AMD,HYD,7h 10m,1 stop,2024-06-23,16:15,23:25,"₹ 12,519"
1221,Vistara,AMD,HYD,7h 35m,1 stop,2024-06-23,15:40,23:15,"₹ 14,869"
1222,IndiGo,AMD,HYD,6h 15m,1 stop,2024-06-23,13:05,19:20,"₹ 15,470"
1223,IndiGo,AMD,HYD,6h 35m,1 stop,2024-06-23,23:45,06:20+1,"₹ 18,849"
1224,IndiGo,AMD,HYD,6h 15m,1 stop,2024-06-23,09:30,15:45,"₹ 22,190"
1225,IndiGo,AMD,HYD,6h 20m,1 stop,2024-06-23,11:20,17:40,"₹ 22,359"
1226,"Air India, Vistara",AMD,HYD,6h 05m,1 stop,2024-06-23,13:45,19:50,"₹ 63,347"
1227,IndiGo,AMD,JLR,6h 55m,1 stop,2024-06-23,12:15,19:10,"₹ 27,017"
1228,"IndiGo, SpiceJet",AMD,JLR,20h 15m,1 stop,2024-06-23,23:20,19:35+1,"₹ 11,808"
1229,IndiGo,AMD,JLR,10h 35m,1 stop,2024-06-23,21:00,07:35+1,"₹ 21,330"
1230,IndiGo,AMD,JLR,10h 45m,2 stops,2024-06-23,20:50,07:35+1,"₹ 26,321"
1231,"Akasa Air, IndiGo",AMD,JLR,10h 35m,2 stops,2024-06-23,21:00,07:35+1,"₹ 26,333"
1232,IndiGo,AMD,JLR,15h 55m,1 stop,2024-06-23,23:20,15:15+1,"₹ 16,319"
1233,IndiGo,AMD,JLR,17h 55m,1 stop,2024-06-23,21:20,15:15+1,"₹ 16,319"
1234,"Air India, IndiGo",AMD,JLR,17h 10m,1 stop,2024-06-23,22:05,15:15+1,"₹ 16,612"
1235,"Air India, IndiGo",AMD,JLR,16h 15m,1 stop,2024-06-23,23:00,15:15+1,"₹ 17,034"
1236,"Air India, SpiceJet",AMD,JLR,20h 35m,1 stop,2024-06-23,23:00,19:35+1,"₹ 12,523"
1237,"Vistara, IndiGo",AMD,JLR,19h 00m,1 stop,2024-06-23,20:15,15:15+1,"₹ 17,220"
1238,IndiGo,AMD,JLR,20h 20m,1 stop,2024-06-23,18:55,15:15+1,"₹ 18,222"
1239,"IndiGo, SpiceJet",AMD,JLR,22h 15m,1 stop,2024-06-23,21:20,19:35+1,"₹ 11,808"
1240,"Air India, IndiGo",AMD,JLR,20h 35m,1 stop,2024-06-23,18:40,15:15+1,"₹ 18,516"
1241,IndiGo,AMD,JLR,19h 45m,1 stop,2024-06-23,23:25,19:10+1,"₹ 24,570"
1242,IndiGo,JLR,AMD,4h 55m,1 stop,2024-06-23,15:45,20:40,"₹ 18,345"
1243,"IndiGo, Air India",JLR,AMD,30h 30m,2 stops,2024-06-23,19:30,02:00+2,"₹ 15,653"
1244,IndiGo,JLR,AMD,6h 40m,1 stop,2024-06-23,15:45,22:25,"₹ 19,931"
1245,IndiGo,JLR,AMD,8h 40m,1 stop,2024-06-23,15:45,00:25+1,"₹ 18,441"
1246,"IndiGo, Vistara",JLR,AMD,7h 10m,1 stop,2024-06-23,15:45,22:55,"₹ 19,076"
1247,"IndiGo, Air India",JLR,AMD,6h 30m,1 stop,2024-06-23,15:45,22:15,"₹ 22,294"
1248,IndiGo,JLR,AMD,9h 40m,2 stops,2024-06-23,19:30,05:10+1,"₹ 15,806"
1249,IndiGo,JLR,AMD,8h 05m,2 stops,2024-06-23,19:30,03:35+1,"₹ 16,061"
1250,"IndiGo, Air India",JLR,AMD,5h 35m,1 stop,2024-06-23,15:45,21:20,"₹ 35,964"
1251,IndiGo,JLR,AMD,12h 55m,1 stop,2024-06-23,19:30,08:25+1,"₹ 16,027"
1252,"IndiGo, Air India",JLR,AMD,11h 55m,2 stops,2024-06-23,19:30,07:25+1,"₹ 16,865"
1253,IndiGo,JLR,AMD,10h 45m,2 stops,2024-06-23,19:30,06:15+1,"₹ 20,933"
1254,IndiGo,JLR,AMD,10h 15m,2 stops,2024-06-23,15:45,02:00+1,"₹ 20,946"
1255,"IndiGo, Akasa Air",JLR,AMD,10h 40m,2 stops,2024-06-23,15:45,02:25+1,"₹ 21,000"
1256,IndiGo,JLR,AMD,10h 15m,2 stops,2024-06-23,15:45,02:00+1,"₹ 21,412"
1257,"IndiGo, Akasa Air",JLR,AMD,10h 40m,2 stops,2024-06-23,15:45,02:25+1,"₹ 21,466"
1258,IndiGo,JLR,AMD,10h 25m,2 stops,2024-06-23,19:30,05:55+1,"₹ 21,604"
1259,"IndiGo, Air India",JLR,AMD,11h 30m,2 stops,2024-06-23,19:30,07:00+1,"₹ 21,641"
1260,IndiGo,JLR,AMD,14h 30m,1 stop,2024-06-23,15:45,06:15+1,"₹ 18,203"
1261,"IndiGo, Air India",JLR,AMD,15h 15m,1 stop,2024-06-23,15:45,07:00+1,"₹ 18,911"
1262,IndiGo,JLR,AMD,15h 50m,1 stop,2024-06-23,15:45,07:35+1,"₹ 19,591"
1263,IndiGo,JLR,AMD,13h 25m,2 stops,2024-06-23,15:45,05:10+1,"₹ 20,691"
1264,IndiGo,JLR,AMD,11h 50m,2 stops,2024-06-23,15:45,03:35+1,"₹ 20,946"
1265,IndiGo,JLR,AMD,13h 25m,2 stops,2024-06-23,15:45,05:10+1,"₹ 21,157"
1266,IndiGo,JLR,AMD,11h 50m,2 stops,2024-06-23,15:45,03:35+1,"₹ 21,412"
1267,IndiGo,JLR,AMD,12h 05m,2 stops,2024-06-23,19:30,07:35+1,"₹ 22,320"
1268,"IndiGo, Air India",JLR,AMD,30h 30m,2 stops,2024-06-23,19:30,02:00+2,"₹ 15,653"
